company_name,ticker,corp_code,filing_date,report_name,title,receipt_no
HLB,028300,00199252,2026-03-12,주식등의대량보유상황보고서(약식),주식등의대량보유상황보고서(약식),20260312000758
HLB,028300,00199252,2026-03-09,전환사채(해외전환사채포함)발행후만기전사채취득,전환사채(해외전환사채포함)발행후만기전사채취득,20260309901237
HLB,028300,00199252,2026-03-05,사외이사의선임ㆍ해임또는중도퇴임에관한신고,사외이사의선임ㆍ해임또는중도퇴임에관한신고,20260305001121
HLB,028300,00199252,2026-03-04,주식등의대량보유상황보고서(일반),주식등의대량보유상황보고서(일반),20260304000747
HLB,028300,00199252,2026-03-03,주식등의대량보유상황보고서(약식),주식등의대량보유상황보고서(약식),20260303001765
HLB,028300,00199252,2026-02-26,의결권대리행사권유참고서류,의결권대리행사권유참고서류,20260226005178
HLB,028300,00199252,2026-02-26,주주총회소집결의,주주총회소집결의,20260226900780
HLB,028300,00199252,2026-02-26,주식매수선택권부여에관한신고,주식매수선택권부여에관한신고,20260226005013
HLB,028300,00199252,2026-02-26,매출액또는손익구조30%(대규모법인은15%)이상변동,매출액또는손익구조30%(대규모법인은15%)이상변동,20260226900749
HLB,028300,00199252,2026-02-19,주식등의대량보유상황보고서(일반),주식등의대량보유상황보고서(일반),20260219002752
HLB,028300,00199252,2026-01-26,"기타경영사항(자율공시)              (HLB 간암 1차 치료제(리보세라닙,캄렐리주맙 병용요법) FDA에 재승인 서류 제출)","기타경영사항(자율공시)              (HLB 간암 1차 치료제(리보세라닙,캄렐리주맙 병용요법) FDA에 재승인 서류 제출)",20260126900008
HLB,028300,00199252,2026-01-16,전환가액의조정,전환가액의조정,20260116900672
HLB,028300,00199252,2025-12-31,증권발행실적보고서(합병등),증권발행실적보고서(합병등),20251231000397
HLB,028300,00199252,2025-12-31,[기재정정]주요사항보고서(회사합병결정),[기재정정]주요사항보고서(회사합병결정),20251231000386
HLB,028300,00199252,2025-12-11,주주명부폐쇄기간또는기준일설정,주주명부폐쇄기간또는기준일설정,20251211900520
HLB,028300,00199252,2025-12-08,전환사채(해외전환사채포함)발행후만기전사채취득,전환사채(해외전환사채포함)발행후만기전사채취득,20251208900498
HLB,028300,00199252,2025-11-14,분기보고서 (2025.09),분기보고서 (2025.09),20251114001408
HLB,028300,00199252,2025-11-14,증권발행결과(자율공시),증권발행결과(자율공시),20251114900076
HLB,028300,00199252,2025-11-03,주요사항보고서(신주인수권부사채권발행결정),주요사항보고서(신주인수권부사채권발행결정),20251103000268
HLB,028300,00199252,2025-10-16,투자설명서,투자설명서,20251016000256
HLB,028300,00199252,2025-10-16,전환가액의조정,전환가액의조정,20251016900390
HLB,028300,00199252,2025-10-02,증권발행결과(자율공시),증권발행결과(자율공시),20251002900252
HLB,028300,00199252,2025-10-01,전환사채(해외전환사채포함)발행후만기전사채취득,전환사채(해외전환사채포함)발행후만기전사채취득,20251001900619
HLB,028300,00199252,2025-09-29,[기재정정]증권신고서(합병),[기재정정]증권신고서(합병),20250929000397
HLB,028300,00199252,2025-09-29,[기재정정]주요사항보고서(회사합병결정),[기재정정]주요사항보고서(회사합병결정),20250929000315
HLB,028300,00199252,2025-09-24,주요사항보고서(전환사채권발행결정),주요사항보고서(전환사채권발행결정),20250924000387
HLB,028300,00199252,2025-09-18,증권신고서(합병),증권신고서(합병),20250918000336
HLB,028300,00199252,2025-09-18,주주명부폐쇄기간또는기준일설정,주주명부폐쇄기간또는기준일설정,20250918900216
HLB,028300,00199252,2025-09-17,[첨부추가]주요사항보고서(회사합병결정),[첨부추가]주요사항보고서(회사합병결정),20250917000332
HLB,028300,00199252,2025-09-16,주식등의대량보유상황보고서(일반),주식등의대량보유상황보고서(일반),20250916000247
HLB,028300,00199252,2025-09-08,전환사채(해외전환사채포함)발행후만기전사채취득,전환사채(해외전환사채포함)발행후만기전사채취득,20250908900384
HLB,028300,00199252,2025-09-03,[기재정정]주식매수선택권부여에관한신고,[기재정정]주식매수선택권부여에관한신고,20250903000260
HLB,028300,00199252,2025-09-01,임원ㆍ주요주주특정증권등소유상황보고서,임원ㆍ주요주주특정증권등소유상황보고서,20250901000428
HLB,028300,00199252,2025-09-01,주식등의대량보유상황보고서(일반),주식등의대량보유상황보고서(일반),20250901000421
HLB,028300,00199252,2025-08-28,지속가능경영보고서등관련사항(자율공시),지속가능경영보고서등관련사항(자율공시),20250828900311
HLB,028300,00199252,2025-08-28,증권발행결과(자율공시),증권발행결과(자율공시),20250828900100
HLB,028300,00199252,2025-08-20,주요사항보고서(전환사채권발행결정),주요사항보고서(전환사채권발행결정),20250820000179
HLB,028300,00199252,2025-08-13,반기보고서 (2025.06),반기보고서 (2025.06),20250813001215
HLB,028300,00199252,2025-08-01,철회신고서,철회신고서,20250801000884
HLB,028300,00199252,2025-08-01,기타경영사항(자율공시)              (회사합병결정 철회에 관한 사항),기타경영사항(자율공시)              (회사합병결정 철회에 관한 사항),20250801900901
HLB,028300,00199252,2025-08-01,[기재정정]주요사항보고서(회사합병결정),[기재정정]주요사항보고서(회사합병결정),20250801000851
HLB,028300,00199252,2025-07-16,전환가액의조정,전환가액의조정,20250716900425
HLB,028300,00199252,2025-06-09,전환가액의조정              (제38회차),전환가액의조정              (제38회차),20250609900427
HLB,028300,00199252,2025-05-29,주식등의대량보유상황보고서(일반),주식등의대량보유상황보고서(일반),20250529000429
HLB,028300,00199252,2025-05-19,[첨부정정]증권신고서(합병),[첨부정정]증권신고서(합병),20250519000332
HLB,028300,00199252,2025-05-19,[첨부정정]증권신고서(합병),[첨부정정]증권신고서(합병),20250519000326
HLB,028300,00199252,2025-05-19,[기재정정]투자설명서,[기재정정]투자설명서,20250519000319
HLB,028300,00199252,2025-05-19,[기재정정]증권신고서(합병),[기재정정]증권신고서(합병),20250519000315
HLB,028300,00199252,2025-05-19,[기재정정]주요사항보고서(회사합병결정),[기재정정]주요사항보고서(회사합병결정),20250519000263
HLB,028300,00199252,2025-05-15,분기보고서 (2025.03),분기보고서 (2025.03),20250515001725
HLB,028300,00199252,2025-05-02,주식등의대량보유상황보고서(일반),주식등의대량보유상황보고서(일반),20250502000226
HLB,028300,00199252,2025-04-24,투자설명서,투자설명서,20250424000436
HLB,028300,00199252,2025-04-16,전환가액의조정              (제39회차),전환가액의조정              (제39회차),20250416900528
HLB,028300,00199252,2025-04-14,[첨부정정]증권신고서(합병),[첨부정정]증권신고서(합병),20250414002753
HLB,028300,00199252,2025-04-14,[기재정정]증권신고서(합병),[기재정정]증권신고서(합병),20250414002743
HLB,028300,00199252,2025-04-03,증권신고서(합병),증권신고서(합병),20250403003512
HLB,028300,00199252,2025-04-01,[첨부추가]주요사항보고서(회사합병결정),[첨부추가]주요사항보고서(회사합병결정),20250401003468
HLB,028300,00199252,2025-04-01,주주명부폐쇄기간또는기준일설정,주주명부폐쇄기간또는기준일설정,20250401900911
HLB,028300,00199252,2025-03-31,사외이사의선임ㆍ해임또는중도퇴임에관한신고,사외이사의선임ㆍ해임또는중도퇴임에관한신고,20250331000792
HLB,028300,00199252,2025-03-31,정기주주총회결과,정기주주총회결과,20250331900283
HLB,028300,00199252,2025-03-27,기업설명회(IR)개최,기업설명회(IR)개최,20250327901311
HLB,028300,00199252,2025-03-27,기업설명회(IR)개최,기업설명회(IR)개최,20250327901315
HLB,028300,00199252,2025-03-25,기업설명회(IR)개최,기업설명회(IR)개최,20250325901208
HLB,028300,00199252,2025-03-21,사업보고서 (2024.12),사업보고서 (2024.12),20250321001860
HLB,028300,00199252,2025-03-21,감사보고서제출,감사보고서제출,20250321902034
HLB,028300,00199252,2025-03-21,"[기재정정]기타경영사항(자율공시)              (HLB 간암 1차 치료제(리보세라닙,캄렐리주맙 병용요법)FDA로부터 보완요구서한(CRL,Complete Response Letter)수령)","[기재정정]기타경영사항(자율공시)              (HLB 간암 1차 치료제(리보세라닙,캄렐리주맙 병용요법)FDA로부터 보완요구서한(CRL,Complete Response Letter)수령)",20250321900045
HLB,028300,00199252,2025-03-21,"기타경영사항(자율공시)              (HLB 간암 1차 치료제(리보세라닙,캄렐리주맙 병용요법)FDA로부터 보완요구서한(CRL,Complete Response Letter)수령)","기타경영사항(자율공시)              (HLB 간암 1차 치료제(리보세라닙,캄렐리주맙 병용요법)FDA로부터 보완요구서한(CRL,Complete Response Letter)수령)",20250321900018
가비아,079940,00506294,2026-03-13,감사보고서제출,감사보고서제출,20260313900996
가비아,079940,00506294,2026-03-12,소송등의판결ㆍ결정,소송등의판결ㆍ결정,20260312902310
가비아,079940,00506294,2026-03-11,의결권대리행사권유참고서류,의결권대리행사권유참고서류,20260311004510
가비아,079940,00506294,2026-03-11,의결권대리행사권유참고서류,의결권대리행사권유참고서류,20260311004445
가비아,079940,00506294,2026-03-11,주주총회소집공고,주주총회소집공고,20260311004404
가비아,079940,00506294,2026-03-10,주주총회소집결의,주주총회소집결의,20260310901873
가비아,079940,00506294,2026-03-10,현금ㆍ현물배당결정,현금ㆍ현물배당결정,20260310901878
가비아,079940,00506294,2026-03-03,소송등의제기ㆍ신청(경영권분쟁소송)              (의안상정 가처분),소송등의제기ㆍ신청(경영권분쟁소송)              (의안상정 가처분),20260303901286
가비아,079940,00506294,2026-02-13,주식등의대량보유상황보고서(일반),주식등의대량보유상황보고서(일반),20260213002767
가비아,079940,00506294,2026-02-11,연결재무제표기준영업(잠정)실적(공정공시),연결재무제표기준영업(잠정)실적(공정공시),20260211901645
가비아,079940,00506294,2026-02-11,영업(잠정)실적(공정공시),영업(잠정)실적(공정공시),20260211901640
가비아,079940,00506294,2026-01-12,[기재정정]주식소각결정,[기재정정]주식소각결정,20260112900534
가비아,079940,00506294,2025-12-29,주식등의대량보유상황보고서(일반),주식등의대량보유상황보고서(일반),20251229000518
가비아,079940,00506294,2025-12-29,임원ㆍ주요주주특정증권등소유상황보고서,임원ㆍ주요주주특정증권등소유상황보고서,20251229000514
가비아,079940,00506294,2025-12-26,주식등의대량보유상황보고서(일반),주식등의대량보유상황보고서(일반),20251226000553
가비아,079940,00506294,2025-12-22,주식소각결정,주식소각결정,20251222900792
가비아,079940,00506294,2025-12-18,교환사채(해외교환사채포함)발행후만기전사채취득,교환사채(해외교환사채포함)발행후만기전사채취득,20251218900650
가비아,079940,00506294,2025-12-16,주식등의대량보유상황보고서(일반),주식등의대량보유상황보고서(일반),20251216000422
가비아,079940,00506294,2025-12-16,공개매수결과보고서,공개매수결과보고서,20251216000026
가비아,079940,00506294,2025-12-09,현금ㆍ현물배당을위한주주명부폐쇄(기준일)결정,현금ㆍ현물배당을위한주주명부폐쇄(기준일)결정,20251209900369
가비아,079940,00506294,2025-12-09,주주명부폐쇄기간또는기준일설정,주주명부폐쇄기간또는기준일설정,20251209900362
가비아,079940,00506294,2025-11-25,[기재정정]주식등의대량보유상황보고서(일반),[기재정정]주식등의대량보유상황보고서(일반),20251125000673
가비아,079940,00506294,2025-11-25,[기재정정]주식등의대량보유상황보고서(약식),[기재정정]주식등의대량보유상황보고서(약식),20251125000670
가비아,079940,00506294,2025-11-25,주식등의대량보유상황보고서(일반),주식등의대량보유상황보고서(일반),20251125000020
가비아,079940,00506294,2025-11-25,공개매수설명서,공개매수설명서,20251125000002
가비아,079940,00506294,2025-11-25,공개매수신고서,공개매수신고서,20251125000001
가비아,079940,00506294,2025-11-13,분기보고서 (2025.09),분기보고서 (2025.09),20251113000856
가비아,079940,00506294,2025-11-11,연결재무제표기준영업(잠정)실적(공정공시),연결재무제표기준영업(잠정)실적(공정공시),20251111900475
가비아,079940,00506294,2025-11-04,임원ㆍ주요주주특정증권등소유상황보고서,임원ㆍ주요주주특정증권등소유상황보고서,20251104000064
가비아,079940,00506294,2025-10-31,주식등의대량보유상황보고서(약식),주식등의대량보유상황보고서(약식),20251031000312
가비아,079940,00506294,2025-10-30,주식등의대량보유상황보고서(약식),주식등의대량보유상황보고서(약식),20251030000173
가비아,079940,00506294,2025-10-28,주식등의대량보유상황보고서(일반),주식등의대량보유상황보고서(일반),20251028000437
가비아,079940,00506294,2025-09-30,임원ㆍ주요주주특정증권등소유상황보고서,임원ㆍ주요주주특정증권등소유상황보고서,20250930000127
가비아,079940,00506294,2025-09-29,임원ㆍ주요주주특정증권등소유상황보고서,임원ㆍ주요주주특정증권등소유상황보고서,20250929000346
가비아,079940,00506294,2025-09-19,임원ㆍ주요주주특정증권등소유상황보고서,임원ㆍ주요주주특정증권등소유상황보고서,20250919000040
가비아,079940,00506294,2025-09-18,주식등의대량보유상황보고서(약식),주식등의대량보유상황보고서(약식),20250918000039
가비아,079940,00506294,2025-09-16,임원ㆍ주요주주특정증권등소유상황보고서,임원ㆍ주요주주특정증권등소유상황보고서,20250916000284
가비아,079940,00506294,2025-09-11,임원ㆍ주요주주특정증권등소유상황보고서,임원ㆍ주요주주특정증권등소유상황보고서,20250911000056
가비아,079940,00506294,2025-09-03,임원ㆍ주요주주특정증권등소유상황보고서,임원ㆍ주요주주특정증권등소유상황보고서,20250903000040
가비아,079940,00506294,2025-08-26,임원ㆍ주요주주특정증권등소유상황보고서,임원ㆍ주요주주특정증권등소유상황보고서,20250826000038
가비아,079940,00506294,2025-08-14,반기보고서 (2025.06),반기보고서 (2025.06),20250814002682
가비아,079940,00506294,2025-08-06,임원ㆍ주요주주특정증권등소유상황보고서,임원ㆍ주요주주특정증권등소유상황보고서,20250806000153
가비아,079940,00506294,2025-08-05,연결재무제표기준영업(잠정)실적(공정공시),연결재무제표기준영업(잠정)실적(공정공시),20250805900405
가비아,079940,00506294,2025-07-29,임원ㆍ주요주주특정증권등소유상황보고서,임원ㆍ주요주주특정증권등소유상황보고서,20250729000023
가비아,079940,00506294,2025-07-24,주식등의대량보유상황보고서(약식),주식등의대량보유상황보고서(약식),20250724000536
가비아,079940,00506294,2025-07-21,임원ㆍ주요주주특정증권등소유상황보고서,임원ㆍ주요주주특정증권등소유상황보고서,20250721000011
가비아,079940,00506294,2025-07-11,임원ㆍ주요주주특정증권등소유상황보고서,임원ㆍ주요주주특정증권등소유상황보고서,20250711000040
가비아,079940,00506294,2025-07-03,임원ㆍ주요주주특정증권등소유상황보고서,임원ㆍ주요주주특정증권등소유상황보고서,20250703000357
가비아,079940,00506294,2025-06-26,주식등의대량보유상황보고서(약식),주식등의대량보유상황보고서(약식),20250626000023
가비아,079940,00506294,2025-06-24,임원ㆍ주요주주특정증권등소유상황보고서,임원ㆍ주요주주특정증권등소유상황보고서,20250624000031
가비아,079940,00506294,2025-06-16,임원ㆍ주요주주특정증권등소유상황보고서,임원ㆍ주요주주특정증권등소유상황보고서,20250616000044
가비아,079940,00506294,2025-06-05,임원ㆍ주요주주특정증권등소유상황보고서,임원ㆍ주요주주특정증권등소유상황보고서,20250605000050
가비아,079940,00506294,2025-06-05,주식등의대량보유상황보고서(약식),주식등의대량보유상황보고서(약식),20250605000046
가비아,079940,00506294,2025-05-27,임원ㆍ주요주주특정증권등소유상황보고서,임원ㆍ주요주주특정증권등소유상황보고서,20250527000440
가비아,079940,00506294,2025-05-15,분기보고서 (2025.03),분기보고서 (2025.03),20250515002302
가비아,079940,00506294,2025-05-13,임원ㆍ주요주주특정증권등소유상황보고서,임원ㆍ주요주주특정증권등소유상황보고서,20250513000034
가비아,079940,00506294,2025-05-08,연결재무제표기준영업(잠정)실적(공정공시),연결재무제표기준영업(잠정)실적(공정공시),20250508900542
가비아,079940,00506294,2025-05-02,임원ㆍ주요주주특정증권등소유상황보고서,임원ㆍ주요주주특정증권등소유상황보고서,20250502000038
가비아,079940,00506294,2025-04-24,임원ㆍ주요주주특정증권등소유상황보고서,임원ㆍ주요주주특정증권등소유상황보고서,20250424000095
가비아,079940,00506294,2025-04-15,임원ㆍ주요주주특정증권등소유상황보고서,임원ㆍ주요주주특정증권등소유상황보고서,20250415000032
가비아,079940,00506294,2025-04-15,주식등의대량보유상황보고서(약식),주식등의대량보유상황보고서(약식),20250415000029
가비아,079940,00506294,2025-04-07,[기재정정]주식등의대량보유상황보고서(약식),[기재정정]주식등의대량보유상황보고서(약식),20250407003755
가비아,079940,00506294,2025-03-27,정기주주총회결과,정기주주총회결과,20250327901101
가비아,079940,00506294,2025-03-27,주식등의대량보유상황보고서(약식),주식등의대량보유상황보고서(약식),20250327000826
가비아,079940,00506294,2025-03-19,사업보고서 (2024.12),사업보고서 (2024.12),20250319000755
가비아,079940,00506294,2025-03-18,감사보고서제출,감사보고서제출,20250318901728
가비아,079940,00506294,2025-03-17,자기주식처분결과보고서,자기주식처분결과보고서,20250317000673
나노신소재,121600,00439965,2026-03-13,주주총회소집공고,주주총회소집공고,20260313000540
나노신소재,121600,00439965,2026-02-26,주주총회집중일개최사유신고,주주총회집중일개최사유신고,20260226901329
나노신소재,121600,00439965,2026-02-26,주주총회소집결의,주주총회소집결의,20260226901298
나노신소재,121600,00439965,2026-02-26,현금ㆍ현물배당결정,현금ㆍ현물배당결정,20260226901236
나노신소재,121600,00439965,2026-02-26,매출액또는손익구조30%(대규모법인은15%)이상변동,매출액또는손익구조30%(대규모법인은15%)이상변동,20260226901217
나노신소재,121600,00439965,2026-02-06,주식등의대량보유상황보고서(약식),주식등의대량보유상황보고서(약식),20260206001591
나노신소재,121600,00439965,2026-01-30,자기주식처분결과보고서,자기주식처분결과보고서,20260130000547
나노신소재,121600,00439965,2026-01-28,주식등의대량보유상황보고서(일반),주식등의대량보유상황보고서(일반),20260128000364
나노신소재,121600,00439965,2026-01-23,주요사항보고서(자기주식처분결정),주요사항보고서(자기주식처분결정),20260123000563
나노신소재,121600,00439965,2026-01-07,임원ㆍ주요주주특정증권등소유상황보고서,임원ㆍ주요주주특정증권등소유상황보고서,20260107000571
나노신소재,121600,00439965,2025-12-22,주주명부폐쇄기간또는기준일설정,주주명부폐쇄기간또는기준일설정,20251222900100
나노신소재,121600,00439965,2025-11-17,기업설명회(IR)개최,기업설명회(IR)개최,20251117900474
나노신소재,121600,00439965,2025-11-13,분기보고서 (2025.09),분기보고서 (2025.09),20251113000941
나노신소재,121600,00439965,2025-10-02,주식등의대량보유상황보고서(약식),주식등의대량보유상황보고서(약식),20251002000206
나노신소재,121600,00439965,2025-08-14,반기보고서 (2025.06),반기보고서 (2025.06),20250814002040
나노신소재,121600,00439965,2025-08-13,전환주식의전환가액조정,전환주식의전환가액조정,20250813900966
나노신소재,121600,00439965,2025-08-12,주식등의대량보유상황보고서(일반),주식등의대량보유상황보고서(일반),20250812000771
나노신소재,121600,00439965,2025-08-06,자기주식처분결과보고서,자기주식처분결과보고서,20250806000338
나노신소재,121600,00439965,2025-08-05,주식등의대량보유상황보고서(약식),주식등의대량보유상황보고서(약식),20250805000247
나노신소재,121600,00439965,2025-07-28,주요사항보고서(자기주식처분결정),주요사항보고서(자기주식처분결정),20250728000375
나노신소재,121600,00439965,2025-06-30,기업설명회(IR)개최,기업설명회(IR)개최,20250630900545
나노신소재,121600,00439965,2025-05-15,분기보고서 (2025.03),분기보고서 (2025.03),20250515001084
나노신소재,121600,00439965,2025-05-08,주식등의대량보유상황보고서(약식),주식등의대량보유상황보고서(약식),20250508000583
나노신소재,121600,00439965,2025-04-25,기업가치제고계획(자율공시),기업가치제고계획(자율공시),20250425900782
나노신소재,121600,00439965,2025-04-22,임원ㆍ주요주주특정증권등소유상황보고서,임원ㆍ주요주주특정증권등소유상황보고서,20250422000383
나노신소재,121600,00439965,2025-03-31,정기주주총회결과,정기주주총회결과,20250331901890
나노신소재,121600,00439965,2025-03-31,[첨부정정]사업보고서 (2024.12),[첨부정정]사업보고서 (2024.12),20250331002537
나노신소재,121600,00439965,2025-03-21,사업보고서 (2024.12),사업보고서 (2024.12),20250321001428
나노신소재,121600,00439965,2025-03-21,감사보고서제출,감사보고서제출,20250321900969
네패스,033640,00227333,2026-03-12,[기재정정]주주총회소집공고,[기재정정]주주총회소집공고,20260312000668
네패스,033640,00227333,2026-03-11,의결권대리행사권유참고서류,의결권대리행사권유참고서류,20260311004513
네패스,033640,00227333,2026-03-11,주주총회소집공고,주주총회소집공고,20260311004499
네패스,033640,00227333,2026-03-11,주주총회소집결의,주주총회소집결의,20260311901680
네패스,033640,00227333,2026-03-11,매출액또는손익구조30%(대규모법인은15%)이상변동,매출액또는손익구조30%(대규모법인은15%)이상변동,20260311901387
네패스,033640,00227333,2026-03-06,임원ㆍ주요주주특정증권등소유상황보고서,임원ㆍ주요주주특정증권등소유상황보고서,20260306000671
네패스,033640,00227333,2026-02-24,임원ㆍ주요주주특정증권등소유상황보고서,임원ㆍ주요주주특정증권등소유상황보고서,20260224002942
네패스,033640,00227333,2025-12-23,주식등의대량보유상황보고서(일반),주식등의대량보유상황보고서(일반),20251223000491
네패스,033640,00227333,2025-12-16,주주명부폐쇄기간또는기준일설정,주주명부폐쇄기간또는기준일설정,20251216900351
네패스,033640,00227333,2025-11-14,분기보고서 (2025.09),분기보고서 (2025.09),20251114000994
네패스,033640,00227333,2025-09-30,주식등의대량보유상황보고서(일반),주식등의대량보유상황보고서(일반),20250930000606
네패스,033640,00227333,2025-08-14,반기보고서 (2025.06),반기보고서 (2025.06),20250814004201
네패스,033640,00227333,2025-07-04,[기재정정]신규시설투자등,[기재정정]신규시설투자등,20250704900625
네패스,033640,00227333,2025-06-16,주식등의대량보유상황보고서(일반),주식등의대량보유상황보고서(일반),20250616000356
네패스,033640,00227333,2025-06-16,임원ㆍ주요주주특정증권등소유상황보고서,임원ㆍ주요주주특정증권등소유상황보고서,20250616000346
네패스,033640,00227333,2025-06-16,주식등의대량보유상황보고서(일반),주식등의대량보유상황보고서(일반),20250616000335
네패스,033640,00227333,2025-06-16,임원ㆍ주요주주특정증권등소유상황보고서,임원ㆍ주요주주특정증권등소유상황보고서,20250616000333
네패스,033640,00227333,2025-06-16,최대주주변경,최대주주변경,20250616900612
네패스,033640,00227333,2025-05-16,주식등의대량보유상황보고서(일반),주식등의대량보유상황보고서(일반),20250516000406
네패스,033640,00227333,2025-05-16,임원ㆍ주요주주특정증권등거래계획보고서,임원ㆍ주요주주특정증권등거래계획보고서,20250516000396
네패스,033640,00227333,2025-05-16,임원ㆍ주요주주특정증권등거래계획보고서,임원ㆍ주요주주특정증권등거래계획보고서,20250516000390
네패스,033640,00227333,2025-05-15,분기보고서 (2025.03),분기보고서 (2025.03),20250515002539
네패스,033640,00227333,2025-04-01,신규시설투자등,신규시설투자등,20250401900516
네패스,033640,00227333,2025-03-28,사외이사의선임ㆍ해임또는중도퇴임에관한신고,사외이사의선임ㆍ해임또는중도퇴임에관한신고,20250328000926
네패스,033640,00227333,2025-03-28,정기주주총회결과,정기주주총회결과,20250328900951
네패스,033640,00227333,2025-03-20,사업보고서 (2024.12),사업보고서 (2024.12),20250320001688
네패스,033640,00227333,2025-03-20,감사보고서제출,감사보고서제출,20250320902317
뉴로메카,348340,01336461,2026-03-12,의결권대리행사권유참고서류,의결권대리행사권유참고서류,20260312001117
뉴로메카,348340,01336461,2026-03-12,주주총회소집공고,주주총회소집공고,20260312001010
뉴로메카,348340,01336461,2026-03-12,주주총회집중일개최사유신고,주주총회집중일개최사유신고,20260312901127
뉴로메카,348340,01336461,2026-03-12,매출액또는손익구조30%(대규모법인은15%)이상변동,매출액또는손익구조30%(대규모법인은15%)이상변동,20260312900925
뉴로메카,348340,01336461,2026-03-12,주주총회소집결의,주주총회소집결의,20260312900926
뉴로메카,348340,01336461,2026-02-09,주식등의대량보유상황보고서(약식),주식등의대량보유상황보고서(약식),20260209000649
뉴로메카,348340,01336461,2026-02-06,임원ㆍ주요주주특정증권등소유상황보고서,임원ㆍ주요주주특정증권등소유상황보고서,20260206001508
뉴로메카,348340,01336461,2026-02-06,임원ㆍ주요주주특정증권등소유상황보고서,임원ㆍ주요주주특정증권등소유상황보고서,20260206001456
뉴로메카,348340,01336461,2026-02-05,주식등의대량보유상황보고서(약식),주식등의대량보유상황보고서(약식),20260205000487
뉴로메카,348340,01336461,2026-02-04,임원ㆍ주요주주특정증권등소유상황보고서,임원ㆍ주요주주특정증권등소유상황보고서,20260204000551
뉴로메카,348340,01336461,2026-01-29,임원ㆍ주요주주특정증권등소유상황보고서,임원ㆍ주요주주특정증권등소유상황보고서,20260129000598
뉴로메카,348340,01336461,2026-01-28,주식등의대량보유상황보고서(약식),주식등의대량보유상황보고서(약식),20260128000492
뉴로메카,348340,01336461,2026-01-26,주요사항보고서(자기전환사채매도결정),주요사항보고서(자기전환사채매도결정),20260126000528
뉴로메카,348340,01336461,2026-01-21,임원ㆍ주요주주특정증권등소유상황보고서,임원ㆍ주요주주특정증권등소유상황보고서,20260121000441
뉴로메카,348340,01336461,2026-01-19,전환청구권행사              (제1회차),전환청구권행사              (제1회차),20260119900858
뉴로메카,348340,01336461,2026-01-16,전환청구권행사              (제1회차),전환청구권행사              (제1회차),20260116900694
뉴로메카,348340,01336461,2026-01-14,전환청구권행사              (제1회차),전환청구권행사              (제1회차),20260114900475
뉴로메카,348340,01336461,2026-01-13,주식등의대량보유상황보고서(약식),주식등의대량보유상황보고서(약식),20260113000582
뉴로메카,348340,01336461,2026-01-13,주식등의대량보유상황보고서(약식),주식등의대량보유상황보고서(약식),20260113000460
뉴로메카,348340,01336461,2026-01-09,임원ㆍ주요주주특정증권등소유상황보고서,임원ㆍ주요주주특정증권등소유상황보고서,20260109000497
뉴로메카,348340,01336461,2026-01-06,전환사채(해외전환사채포함)발행후만기전사채취득,전환사채(해외전환사채포함)발행후만기전사채취득,20260106900176
뉴로메카,348340,01336461,2025-12-18,임원ㆍ주요주주특정증권등소유상황보고서,임원ㆍ주요주주특정증권등소유상황보고서,20251217000604
뉴로메카,348340,01336461,2025-12-12,주주명부폐쇄기간또는기준일설정,주주명부폐쇄기간또는기준일설정,20251212901023
뉴로메카,348340,01336461,2025-11-28,단일판매ㆍ공급계약해지,단일판매ㆍ공급계약해지,20251128901081
뉴로메카,348340,01336461,2025-11-28,임원ㆍ주요주주특정증권등소유상황보고서,임원ㆍ주요주주특정증권등소유상황보고서,20251128001903
뉴로메카,348340,01336461,2025-11-14,분기보고서 (2025.09),분기보고서 (2025.09),20251114001828
뉴로메카,348340,01336461,2025-11-14,임원ㆍ주요주주특정증권등소유상황보고서,임원ㆍ주요주주특정증권등소유상황보고서,20251114001393
뉴로메카,348340,01336461,2025-11-11,주식등의대량보유상황보고서(약식),주식등의대량보유상황보고서(약식),20251111000003
뉴로메카,348340,01336461,2025-11-11,[기재정정]주식등의대량보유상황보고서(약식),[기재정정]주식등의대량보유상황보고서(약식),20251111000002
뉴로메카,348340,01336461,2025-11-10,[기재정정]주식등의대량보유상황보고서(약식),[기재정정]주식등의대량보유상황보고서(약식),20251110000406
뉴로메카,348340,01336461,2025-11-07,임원ㆍ주요주주특정증권등소유상황보고서,임원ㆍ주요주주특정증권등소유상황보고서,20251107000542
뉴로메카,348340,01336461,2025-11-06,전환가액의조정,전환가액의조정,20251106900711
뉴로메카,348340,01336461,2025-09-04,[기재정정]단일판매ㆍ공급계약체결,[기재정정]단일판매ㆍ공급계약체결,20250904900080
뉴로메카,348340,01336461,2025-09-02,[기재정정]단일판매ㆍ공급계약체결,[기재정정]단일판매ㆍ공급계약체결,20250902900191
뉴로메카,348340,01336461,2025-08-28,[기재정정]단일판매ㆍ공급계약체결,[기재정정]단일판매ㆍ공급계약체결,20250828900522
뉴로메카,348340,01336461,2025-08-14,반기보고서 (2025.06),반기보고서 (2025.06),20250814004187
뉴로메카,348340,01336461,2025-08-14,[기재정정]사업보고서 (2024.12),[기재정정]사업보고서 (2024.12),20250814003429
뉴로메카,348340,01336461,2025-07-09,임원ㆍ주요주주특정증권등소유상황보고서,임원ㆍ주요주주특정증권등소유상황보고서,20250709000398
뉴로메카,348340,01336461,2025-07-02,임원ㆍ주요주주특정증권등소유상황보고서,임원ㆍ주요주주특정증권등소유상황보고서,20250702000574
뉴로메카,348340,01336461,2025-07-01,단일판매ㆍ공급계약체결,단일판매ㆍ공급계약체결,20250701900774
뉴로메카,348340,01336461,2025-06-23,임원ㆍ주요주주특정증권등소유상황보고서,임원ㆍ주요주주특정증권등소유상황보고서,20250623000304
뉴로메카,348340,01336461,2025-05-30,임원ㆍ주요주주특정증권등소유상황보고서,임원ㆍ주요주주특정증권등소유상황보고서,20250530002424
뉴로메카,348340,01336461,2025-05-15,분기보고서 (2025.03),분기보고서 (2025.03),20250515002221
뉴로메카,348340,01336461,2025-03-28,정기주주총회결과,정기주주총회결과,20250328902394
뉴로메카,348340,01336461,2025-03-25,증권발행결과(자율공시)              (제3자배정 유상증자),증권발행결과(자율공시)              (제3자배정 유상증자),20250325900865
뉴로메카,348340,01336461,2025-03-20,사업보고서 (2024.12),사업보고서 (2024.12),20250320000955
뉴로메카,348340,01336461,2025-03-20,감사보고서제출,감사보고서제출,20250320900859
뉴로메카,348340,01336461,2025-03-17,주요사항보고서(유상증자결정),주요사항보고서(유상증자결정),20250317000051
대주전자재료,078600,00177816,2026-03-13,[기재정정]의결권대리행사권유참고서류,[기재정정]의결권대리행사권유참고서류,20260313000563
대주전자재료,078600,00177816,2026-03-13,[기재정정]주주총회소집공고,[기재정정]주주총회소집공고,20260313000559
대주전자재료,078600,00177816,2026-03-12,주식등의대량보유상황보고서(약식),주식등의대량보유상황보고서(약식),20260312000784
대주전자재료,078600,00177816,2026-03-11,의결권대리행사권유참고서류,의결권대리행사권유참고서류,20260311003897
대주전자재료,078600,00177816,2026-03-11,주주총회소집공고,주주총회소집공고,20260311003880
대주전자재료,078600,00177816,2026-03-06,[기재정정]신규시설투자등,[기재정정]신규시설투자등,20260306901436
대주전자재료,078600,00177816,2026-03-04,주주총회소집결의,주주총회소집결의,20260304901303
대주전자재료,078600,00177816,2026-02-23,임원ㆍ주요주주특정증권등소유상황보고서,임원ㆍ주요주주특정증권등소유상황보고서,20260223003431
대주전자재료,078600,00177816,2026-02-04,현금ㆍ현물배당결정,현금ㆍ현물배당결정,20260204901058
대주전자재료,078600,00177816,2026-02-04,매출액또는손익구조30%(대규모법인은15%)이상변동,매출액또는손익구조30%(대규모법인은15%)이상변동,20260204901116
대주전자재료,078600,00177816,2026-02-04,[기재정정]주식매수선택권부여에관한신고,[기재정정]주식매수선택권부여에관한신고,20260204000536
대주전자재료,078600,00177816,2025-12-04,자기주식처분결과보고서,자기주식처분결과보고서,20251204000115
대주전자재료,078600,00177816,2025-12-03,주요사항보고서(자기주식처분결정),주요사항보고서(자기주식처분결정),20251203000257
대주전자재료,078600,00177816,2025-12-03,주주명부폐쇄기간또는기준일설정,주주명부폐쇄기간또는기준일설정,20251203900324
대주전자재료,078600,00177816,2025-12-03,현금ㆍ현물배당을위한주주명부폐쇄(기준일)결정,현금ㆍ현물배당을위한주주명부폐쇄(기준일)결정,20251203900321
대주전자재료,078600,00177816,2025-11-14,분기보고서 (2025.09),분기보고서 (2025.09),20251114002820
대주전자재료,078600,00177816,2025-11-04,[기재정정]주식매수선택권부여에관한신고,[기재정정]주식매수선택권부여에관한신고,20251104000275
대주전자재료,078600,00177816,2025-09-18,[기재정정]반기보고서 (2025.06),[기재정정]반기보고서 (2025.06),20250918000306
대주전자재료,078600,00177816,2025-09-18,[기재정정]분기보고서 (2025.03),[기재정정]분기보고서 (2025.03),20250918000300
대주전자재료,078600,00177816,2025-08-18,전환가액의조정,전환가액의조정,20250818900351
대주전자재료,078600,00177816,2025-08-14,반기보고서 (2025.06),반기보고서 (2025.06),20250814000596
대주전자재료,078600,00177816,2025-07-31,주식등의대량보유상황보고서(일반),주식등의대량보유상황보고서(일반),20250731000456
대주전자재료,078600,00177816,2025-07-31,[기재정정]주식등의대량보유상황보고서(일반),[기재정정]주식등의대량보유상황보고서(일반),20250731000445
대주전자재료,078600,00177816,2025-07-29,임원ㆍ주요주주특정증권등소유상황보고서,임원ㆍ주요주주특정증권등소유상황보고서,20250729000297
대주전자재료,078600,00177816,2025-07-29,[기재정정]신규시설투자등,[기재정정]신규시설투자등,20250729900475
대주전자재료,078600,00177816,2025-07-22,임원ㆍ주요주주특정증권등소유상황보고서,임원ㆍ주요주주특정증권등소유상황보고서,20250722000102
대주전자재료,078600,00177816,2025-07-15,주식매수선택권부여에관한신고,주식매수선택권부여에관한신고,20250715000354
대주전자재료,078600,00177816,2025-07-02,주식등의대량보유상황보고서(약식),주식등의대량보유상황보고서(약식),20250702000162
대주전자재료,078600,00177816,2025-06-04,임원ㆍ주요주주특정증권등소유상황보고서,임원ㆍ주요주주특정증권등소유상황보고서,20250604000163
대주전자재료,078600,00177816,2025-05-27,임원ㆍ주요주주특정증권등소유상황보고서,임원ㆍ주요주주특정증권등소유상황보고서,20250527000294
대주전자재료,078600,00177816,2025-05-15,분기보고서 (2025.03),분기보고서 (2025.03),20250515001198
대주전자재료,078600,00177816,2025-04-29,[기재정정]신규시설투자등,[기재정정]신규시설투자등,20250429900877
대주전자재료,078600,00177816,2025-04-01,주식등의대량보유상황보고서(약식),주식등의대량보유상황보고서(약식),20250401002952
대주전자재료,078600,00177816,2025-04-01,임원ㆍ주요주주특정증권등소유상황보고서,임원ㆍ주요주주특정증권등소유상황보고서,20250401000690
대주전자재료,078600,00177816,2025-03-26,사외이사의선임ㆍ해임또는중도퇴임에관한신고,사외이사의선임ㆍ해임또는중도퇴임에관한신고,20250326001068
대주전자재료,078600,00177816,2025-03-26,[기재정정]신규시설투자등,[기재정정]신규시설투자등,20250326902241
대주전자재료,078600,00177816,2025-03-26,정기주주총회결과,정기주주총회결과,20250326901435
대주전자재료,078600,00177816,2025-03-18,사업보고서 (2024.12),사업보고서 (2024.12),20250318001023
대주전자재료,078600,00177816,2025-03-18,감사보고서제출,감사보고서제출,20250318901071
더블유씨피,393890,01291317,2026-03-11,의결권대리행사권유참고서류,의결권대리행사권유참고서류,20260311004132
더블유씨피,393890,01291317,2026-03-11,주주총회소집공고,주주총회소집공고,20260311004111
더블유씨피,393890,01291317,2026-03-11,주주총회집중일개최사유신고,주주총회집중일개최사유신고,20260311901511
더블유씨피,393890,01291317,2026-03-11,주주총회소집결의,주주총회소집결의,20260311901276
더블유씨피,393890,01291317,2026-02-12,매출액또는손익구조30%(대규모법인은15%)이상변동,매출액또는손익구조30%(대규모법인은15%)이상변동,20260212900188
더블유씨피,393890,01291317,2026-02-12,연결재무제표기준영업(잠정)실적(공정공시),연결재무제표기준영업(잠정)실적(공정공시),20260212900121
더블유씨피,393890,01291317,2026-01-29,기업설명회(IR)개최,기업설명회(IR)개최,20260129900153
더블유씨피,393890,01291317,2026-01-29,결산실적공시예고,결산실적공시예고,20260129900136
더블유씨피,393890,01291317,2026-01-09,주식등의대량보유상황보고서(약식),주식등의대량보유상황보고서(약식),20260109000603
더블유씨피,393890,01291317,2025-12-19,임원ㆍ주요주주특정증권등소유상황보고서,임원ㆍ주요주주특정증권등소유상황보고서,20251219000571
더블유씨피,393890,01291317,2025-12-19,주식등의대량보유상황보고서(일반),주식등의대량보유상황보고서(일반),20251219000553
더블유씨피,393890,01291317,2025-12-11,주주명부폐쇄기간또는기준일설정,주주명부폐쇄기간또는기준일설정,20251211900267
더블유씨피,393890,01291317,2025-12-04,임원ㆍ주요주주특정증권등거래계획철회보고서,임원ㆍ주요주주특정증권등거래계획철회보고서,20251204000244
더블유씨피,393890,01291317,2025-11-17,주식등의대량보유상황보고서(약식),주식등의대량보유상황보고서(약식),20251117000054
더블유씨피,393890,01291317,2025-11-14,분기보고서 (2025.09),분기보고서 (2025.09),20251114001687
더블유씨피,393890,01291317,2025-11-10,연결재무제표기준영업(잠정)실적(공정공시),연결재무제표기준영업(잠정)실적(공정공시),20251110900088
더블유씨피,393890,01291317,2025-10-28,기업설명회(IR)개최,기업설명회(IR)개최,20251028900207
더블유씨피,393890,01291317,2025-10-28,결산실적공시예고,결산실적공시예고,20251028900206
더블유씨피,393890,01291317,2025-10-14,임원ㆍ주요주주특정증권등거래계획보고서,임원ㆍ주요주주특정증권등거래계획보고서,20251014000366
더블유씨피,393890,01291317,2025-09-25,증권발행결과(자율공시)              (제5회차 CB),증권발행결과(자율공시)              (제5회차 CB),20250925900381
더블유씨피,393890,01291317,2025-09-08,주요사항보고서(전환사채권발행결정),주요사항보고서(전환사채권발행결정),20250908000281
더블유씨피,393890,01291317,2025-08-14,반기보고서 (2025.06),반기보고서 (2025.06),20250814002416
더블유씨피,393890,01291317,2025-08-01,연결재무제표기준영업(잠정)실적(공정공시),연결재무제표기준영업(잠정)실적(공정공시),20250801900127
더블유씨피,393890,01291317,2025-07-18,기업설명회(IR)개최,기업설명회(IR)개최,20250718900102
더블유씨피,393890,01291317,2025-07-18,결산실적공시예고,결산실적공시예고,20250718900100
더블유씨피,393890,01291317,2025-05-15,분기보고서 (2025.03),분기보고서 (2025.03),20250515001190
더블유씨피,393890,01291317,2025-04-29,연결재무제표기준영업(잠정)실적(공정공시),연결재무제표기준영업(잠정)실적(공정공시),20250429900264
더블유씨피,393890,01291317,2025-04-18,기업설명회(IR)개최,기업설명회(IR)개최,20250418900612
더블유씨피,393890,01291317,2025-04-18,결산실적공시예고,결산실적공시예고,20250418900611
더블유씨피,393890,01291317,2025-03-27,사외이사의선임ㆍ해임또는중도퇴임에관한신고,사외이사의선임ㆍ해임또는중도퇴임에관한신고,20250327001284
더블유씨피,393890,01291317,2025-03-27,정기주주총회결과,정기주주총회결과,20250327901540
더블유씨피,393890,01291317,2025-03-19,사업보고서 (2024.12),사업보고서 (2024.12),20250319000586
더블유씨피,393890,01291317,2025-03-18,감사보고서제출,감사보고서제출,20250318901920
더존비즈온,012510,00172291,2026-03-11,의결권대리행사권유참고서류,의결권대리행사권유참고서류,20260311004291
더존비즈온,012510,00172291,2026-03-11,주주총회소집공고,주주총회소집공고,20260311004280
더존비즈온,012510,00172291,2026-03-10,[기재정정]매출액또는손익구조30%(대규모법인은15%)이상변경,[기재정정]매출액또는손익구조30%(대규모법인은15%)이상변경,20260310801639
더존비즈온,012510,00172291,2026-03-10,[기재정정]연결재무제표기준영업(잠정)실적(공정공시),[기재정정]연결재무제표기준영업(잠정)실적(공정공시),20260310801595
더존비즈온,012510,00172291,2026-03-05,최대주주등소유주식변동신고서,최대주주등소유주식변동신고서,20260305801444
더존비즈온,012510,00172291,2026-03-05,주식등의대량보유상황보고서(일반),주식등의대량보유상황보고서(일반),20260305001346
더존비즈온,012510,00172291,2026-03-05,임원ㆍ주요주주특정증권등소유상황보고서,임원ㆍ주요주주특정증권등소유상황보고서,20260305001295
더존비즈온,012510,00172291,2026-03-05,임원ㆍ주요주주특정증권등소유상황보고서,임원ㆍ주요주주특정증권등소유상황보고서,20260305001237
더존비즈온,012510,00172291,2026-03-05,임원ㆍ주요주주특정증권등소유상황보고서,임원ㆍ주요주주특정증권등소유상황보고서,20260305001203
더존비즈온,012510,00172291,2026-03-05,임원ㆍ주요주주특정증권등소유상황보고서,임원ㆍ주요주주특정증권등소유상황보고서,20260305001176
더존비즈온,012510,00172291,2026-02-25,주주총회소집결의,주주총회소집결의,20260225800899
더존비즈온,012510,00172291,2026-02-23,공개매수설명서,공개매수설명서,20260223000011
더존비즈온,012510,00172291,2026-02-23,공개매수신고서,공개매수신고서,20260223000008
더존비즈온,012510,00172291,2026-02-04,매출액또는손익구조30%(대규모법인은15%)이상변경,매출액또는손익구조30%(대규모법인은15%)이상변경,20260204800113
더존비즈온,012510,00172291,2026-02-04,연결재무제표기준영업(잠정)실적(공정공시),연결재무제표기준영업(잠정)실적(공정공시),20260204800109
더존비즈온,012510,00172291,2026-02-04,현금ㆍ현물배당결정,현금ㆍ현물배당결정,20260204800094
더존비즈온,012510,00172291,2026-02-04,현금ㆍ현물배당을위한주주명부폐쇄(기준일)결정,현금ㆍ현물배당을위한주주명부폐쇄(기준일)결정,20260204800090
더존비즈온,012510,00172291,2026-01-02,주식등의대량보유상황보고서(약식),주식등의대량보유상황보고서(약식),20260102000222
더존비즈온,012510,00172291,2025-12-16,기타경영사항(자율공시),기타경영사항(자율공시),20251216800995
더존비즈온,012510,00172291,2025-11-14,분기보고서 (2025.09),분기보고서 (2025.09),20251114001969
더존비즈온,012510,00172291,2025-11-10,연결재무제표기준영업(잠정)실적(공정공시),연결재무제표기준영업(잠정)실적(공정공시),20251110800055
더존비즈온,012510,00172291,2025-11-07,주식등의대량보유상황보고서(일반),주식등의대량보유상황보고서(일반),20251107000002
더존비즈온,012510,00172291,2025-11-07,주식등의대량보유상황보고서(일반),주식등의대량보유상황보고서(일반),20251107000001
더존비즈온,012510,00172291,2025-11-07,투자판단관련주요경영사항,투자판단관련주요경영사항,20251107800001
더존비즈온,012510,00172291,2025-10-31,주식등의대량보유상황보고서(일반),주식등의대량보유상황보고서(일반),20251031000102
더존비즈온,012510,00172291,2025-10-23,풍문또는보도에대한해명(미확정),풍문또는보도에대한해명(미확정),20251023800061
더존비즈온,012510,00172291,2025-10-01,주식등의대량보유상황보고서(약식),주식등의대량보유상황보고서(약식),20251001000374
더존비즈온,012510,00172291,2025-09-30,임원ㆍ주요주주특정증권등소유상황보고서,임원ㆍ주요주주특정증권등소유상황보고서,20250930000349
더존비즈온,012510,00172291,2025-09-26,주식등의대량보유상황보고서(일반),주식등의대량보유상황보고서(일반),20250926000670
더존비즈온,012510,00172291,2025-08-28,[기재정정]타법인주식및출자증권취득결정,[기재정정]타법인주식및출자증권취득결정,20250828800384
더존비즈온,012510,00172291,2025-08-21,주식등의대량보유상황보고서(일반),주식등의대량보유상황보고서(일반),20250821000440
더존비즈온,012510,00172291,2025-08-14,반기보고서 (2025.06),반기보고서 (2025.06),20250814003371
더존비즈온,012510,00172291,2025-08-13,타법인주식및출자증권취득결정,타법인주식및출자증권취득결정,20250813801145
더존비즈온,012510,00172291,2025-08-13,장래사업ㆍ경영계획(공정공시),장래사업ㆍ경영계획(공정공시),20250813801047
더존비즈온,012510,00172291,2025-08-05,연결재무제표기준영업(잠정)실적(공정공시),연결재무제표기준영업(잠정)실적(공정공시),20250805800035
더존비즈온,012510,00172291,2025-07-28,주식등의대량보유상황보고서(일반),주식등의대량보유상황보고서(일반),20250728000206
더존비즈온,012510,00172291,2025-07-24,풍문또는보도에대한해명(미확정),풍문또는보도에대한해명(미확정),20250724800410
더존비즈온,012510,00172291,2025-07-09,[첨부정정]지속가능경영보고서등관련사항(자율공시),[첨부정정]지속가능경영보고서등관련사항(자율공시),20250709800062
더존비즈온,012510,00172291,2025-07-07,주식등의대량보유상황보고서(일반),주식등의대량보유상황보고서(일반),20250707000231
더존비즈온,012510,00172291,2025-07-07,최대주주등소유주식변동신고서,최대주주등소유주식변동신고서,20250707800232
더존비즈온,012510,00172291,2025-07-07,임원ㆍ주요주주특정증권등소유상황보고서,임원ㆍ주요주주특정증권등소유상황보고서,20250707000203
더존비즈온,012510,00172291,2025-07-03,임원ㆍ주요주주특정증권등소유상황보고서,임원ㆍ주요주주특정증권등소유상황보고서,20250703000311
더존비즈온,012510,00172291,2025-06-30,지속가능경영보고서등관련사항(자율공시),지속가능경영보고서등관련사항(자율공시),20250630800072
더존비즈온,012510,00172291,2025-06-25,풍문또는보도에대한해명(미확정),풍문또는보도에대한해명(미확정),20250625800669
더존비즈온,012510,00172291,2025-06-24,임원ㆍ주요주주특정증권등소유상황보고서,임원ㆍ주요주주특정증권등소유상황보고서,20250624000391
더존비즈온,012510,00172291,2025-06-02,기업지배구조보고서공시,기업지배구조보고서공시,20250602800119
더존비즈온,012510,00172291,2025-05-23,임원ㆍ주요주주특정증권등소유상황보고서,임원ㆍ주요주주특정증권등소유상황보고서,20250523000423
더존비즈온,012510,00172291,2025-05-15,분기보고서 (2025.03),분기보고서 (2025.03),20250515002754
더존비즈온,012510,00172291,2025-05-09,연결재무제표기준영업(잠정)실적(공정공시),연결재무제표기준영업(잠정)실적(공정공시),20250509800078
더존비즈온,012510,00172291,2025-05-02,임원ㆍ주요주주특정증권등소유상황보고서,임원ㆍ주요주주특정증권등소유상황보고서,20250502000106
더존비즈온,012510,00172291,2025-04-18,타법인주식및출자증권취득결정,타법인주식및출자증권취득결정,20250418800525
더존비즈온,012510,00172291,2025-04-03,주식등의대량보유상황보고서(일반),주식등의대량보유상황보고서(일반),20250403003604
더존비즈온,012510,00172291,2025-04-03,최대주주등소유주식변동신고서,최대주주등소유주식변동신고서,20250403800795
더존비즈온,012510,00172291,2025-04-03,임원ㆍ주요주주특정증권등소유상황보고서,임원ㆍ주요주주특정증권등소유상황보고서,20250403003194
더존비즈온,012510,00172291,2025-04-01,주식등의대량보유상황보고서(약식),주식등의대량보유상황보고서(약식),20250401003680
더존비즈온,012510,00172291,2025-03-31,[기재정정]현금ㆍ현물배당결정,[기재정정]현금ㆍ현물배당결정,20250331804043
더존비즈온,012510,00172291,2025-03-27,사외이사의선임ㆍ해임또는중도퇴임에관한신고,사외이사의선임ㆍ해임또는중도퇴임에관한신고,20250327000756
더존비즈온,012510,00172291,2025-03-26,정기주주총회결과,정기주주총회결과,20250326802448
더존비즈온,012510,00172291,2025-03-24,임원ㆍ주요주주특정증권등소유상황보고서,임원ㆍ주요주주특정증권등소유상황보고서,20250324000501
더존비즈온,012510,00172291,2025-03-17,사업보고서 (2024.12),사업보고서 (2024.12),20250317001028
더존비즈온,012510,00172291,2025-03-17,감사보고서제출,감사보고서제출,20250317801274
동진쎄미켐,005290,00118804,2026-03-12,의결권대리행사권유참고서류,의결권대리행사권유참고서류,20260312001084
동진쎄미켐,005290,00118804,2026-03-12,주주총회소집공고,주주총회소집공고,20260312001051
동진쎄미켐,005290,00118804,2026-03-12,신탁계약에의한취득상황보고서,신탁계약에의한취득상황보고서,20260312000493
동진쎄미켐,005290,00118804,2026-03-11,매출액또는손익구조30%(대규모법인은15%)이상변동,매출액또는손익구조30%(대규모법인은15%)이상변동,20260311901147
동진쎄미켐,005290,00118804,2026-03-11,주주총회집중일개최사유신고,주주총회집중일개최사유신고,20260311900403
동진쎄미켐,005290,00118804,2026-03-11,주주총회소집결의,주주총회소집결의,20260311900401
동진쎄미켐,005290,00118804,2026-03-11,현금ㆍ현물배당결정,현금ㆍ현물배당결정,20260311900400
동진쎄미켐,005290,00118804,2026-03-03,주식등의대량보유상황보고서(약식),주식등의대량보유상황보고서(약식),20260303002626
동진쎄미켐,005290,00118804,2026-02-26,연결재무제표기준영업(잠정)실적(공정공시),연결재무제표기준영업(잠정)실적(공정공시),20260226900456
동진쎄미켐,005290,00118804,2026-02-11,[기재정정]타법인주식및출자증권처분결정(자율공시)(종속회사의주요경영사항),[기재정정]타법인주식및출자증권처분결정(자율공시)(종속회사의주요경영사항),20260211901150
동진쎄미켐,005290,00118804,2026-02-11,[기재정정]타법인주식및출자증권처분결정,[기재정정]타법인주식및출자증권처분결정,20260211901107
동진쎄미켐,005290,00118804,2026-02-10,주식등의대량보유상황보고서(약식),주식등의대량보유상황보고서(약식),20260210000720
동진쎄미켐,005290,00118804,2026-01-30,주식등의대량보유상황보고서(일반),주식등의대량보유상황보고서(일반),20260130000500
동진쎄미켐,005290,00118804,2026-01-21,주식등의대량보유상황보고서(약식),주식등의대량보유상황보고서(약식),20260121000393
동진쎄미켐,005290,00118804,2026-01-02,합병등종료보고서(분할),합병등종료보고서(분할),20260102000066
동진쎄미켐,005290,00118804,2025-12-16,현금ㆍ현물배당을위한주주명부폐쇄(기준일)결정,현금ㆍ현물배당을위한주주명부폐쇄(기준일)결정,20251216901623
동진쎄미켐,005290,00118804,2025-12-16,주주명부폐쇄기간또는기준일설정,주주명부폐쇄기간또는기준일설정,20251216901367
동진쎄미켐,005290,00118804,2025-12-08,주요사항보고서(자기주식취득신탁계약체결결정),주요사항보고서(자기주식취득신탁계약체결결정),20251208000067
동진쎄미켐,005290,00118804,2025-12-04,주식등의대량보유상황보고서(일반),주식등의대량보유상황보고서(일반),20251204000119
동진쎄미켐,005290,00118804,2025-11-21,타인에대한채무보증결정,타인에대한채무보증결정,20251121900676
동진쎄미켐,005290,00118804,2025-11-19,수시공시의무관련사항(공정공시)              (2025년 사업연도(제53기) 현금배당 계획),수시공시의무관련사항(공정공시)              (2025년 사업연도(제53기) 현금배당 계획),20251119900154
동진쎄미켐,005290,00118804,2025-11-14,분기보고서 (2025.09),분기보고서 (2025.09),20251114003132
동진쎄미켐,005290,00118804,2025-11-14,임시주주총회결과,임시주주총회결과,20251114901352
동진쎄미켐,005290,00118804,2025-11-06,금전대여결정,금전대여결정,20251106900604
동진쎄미켐,005290,00118804,2025-11-05,연결재무제표기준영업(잠정)실적(공정공시),연결재무제표기준영업(잠정)실적(공정공시),20251105900283
동진쎄미켐,005290,00118804,2025-10-30,의결권대리행사권유참고서류,의결권대리행사권유참고서류,20251030000455
동진쎄미켐,005290,00118804,2025-10-30,주주총회소집공고,주주총회소집공고,20251030000449
동진쎄미켐,005290,00118804,2025-10-01,주주총회소집결의              (임시주주총회),주주총회소집결의              (임시주주총회),20251001900623
동진쎄미켐,005290,00118804,2025-10-01,주주명부폐쇄기간또는기준일설정,주주명부폐쇄기간또는기준일설정,20251001900627
동진쎄미켐,005290,00118804,2025-10-01,주요사항보고서(회사분할결정),주요사항보고서(회사분할결정),20251001000521
동진쎄미켐,005290,00118804,2025-09-01,타법인주식및출자증권처분결정(자율공시)(종속회사의주요경영사항),타법인주식및출자증권처분결정(자율공시)(종속회사의주요경영사항),20250901900592
동진쎄미켐,005290,00118804,2025-09-01,타법인주식및출자증권처분결정,타법인주식및출자증권처분결정,20250901900584
동진쎄미켐,005290,00118804,2025-08-14,반기보고서 (2025.06),반기보고서 (2025.06),20250814001977
동진쎄미켐,005290,00118804,2025-08-06,연결재무제표기준영업(잠정)실적(공정공시),연결재무제표기준영업(잠정)실적(공정공시),20250806900201
동진쎄미켐,005290,00118804,2025-06-10,주식등의대량보유상황보고서(일반),주식등의대량보유상황보고서(일반),20250610000190
동진쎄미켐,005290,00118804,2025-05-15,분기보고서 (2025.03),분기보고서 (2025.03),20250515001760
동진쎄미켐,005290,00118804,2025-05-08,연결재무제표기준영업(잠정)실적(공정공시),연결재무제표기준영업(잠정)실적(공정공시),20250508900240
동진쎄미켐,005290,00118804,2025-03-27,정기주주총회결과,정기주주총회결과,20250327901197
동진쎄미켐,005290,00118804,2025-03-19,사업보고서 (2024.12),사업보고서 (2024.12),20250319000732
두산로보틱스,454910,01105153,2026-03-04,기업설명회(IR)개최(안내공시),기업설명회(IR)개최(안내공시),20260304801073
두산로보틱스,454910,01105153,2026-03-03,임원ㆍ주요주주특정증권등거래계획보고서,임원ㆍ주요주주특정증권등거래계획보고서,20260303002734
두산로보틱스,454910,01105153,2026-02-27,최대주주등소유주식변동신고서,최대주주등소유주식변동신고서,20260227801510
두산로보틱스,454910,01105153,2026-02-27,임원ㆍ주요주주특정증권등소유상황보고서,임원ㆍ주요주주특정증권등소유상황보고서,20260227007329
두산로보틱스,454910,01105153,2026-02-27,주식등의대량보유상황보고서(일반),주식등의대량보유상황보고서(일반),20260227007254
두산로보틱스,454910,01105153,2026-02-27,대규모기업집단현황공시[분기별공시(개별회사용)],대규모기업집단현황공시[분기별공시(개별회사용)],20260227007147
두산로보틱스,454910,01105153,2026-02-26,기업설명회(IR)개최(안내공시),기업설명회(IR)개최(안내공시),20260226800792
두산로보틱스,454910,01105153,2026-02-25,의결권대리행사권유참고서류,의결권대리행사권유참고서류,20260225005868
두산로보틱스,454910,01105153,2026-02-25,주주총회소집공고,주주총회소집공고,20260225005684
두산로보틱스,454910,01105153,2026-02-25,주주총회소집결의,주주총회소집결의,20260225801017
두산로보틱스,454910,01105153,2026-02-13,지급수단별ㆍ지급기간별지급금액및분쟁조정기구에관한사항,지급수단별ㆍ지급기간별지급금액및분쟁조정기구에관한사항,20260213002307
두산로보틱스,454910,01105153,2026-02-11,매출액또는손익구조30%(대규모법인은15%)이상변경,매출액또는손익구조30%(대규모법인은15%)이상변경,20260211800864
두산로보틱스,454910,01105153,2026-01-26,기업설명회(IR)개최(안내공시),기업설명회(IR)개최(안내공시),20260126800787
두산로보틱스,454910,01105153,2026-01-26,결산실적공시예고(안내공시),결산실적공시예고(안내공시),20260126800735
두산로보틱스,454910,01105153,2025-12-23,임원ㆍ주요주주특정증권등거래계획보고서,임원ㆍ주요주주특정증권등거래계획보고서,20251223000856
두산로보틱스,454910,01105153,2025-12-23,주식등의대량보유상황보고서(일반),주식등의대량보유상황보고서(일반),20251223000831
두산로보틱스,454910,01105153,2025-12-16,주주명부폐쇄기간또는기준일설정,주주명부폐쇄기간또는기준일설정,20251216801203
두산로보틱스,454910,01105153,2025-11-28,대규모기업집단현황공시[분기별공시(개별회사용)],대규모기업집단현황공시[분기별공시(개별회사용)],20251128001616
두산로보틱스,454910,01105153,2025-11-14,분기보고서 (2025.09),분기보고서 (2025.09),20251114001619
두산로보틱스,454910,01105153,2025-11-06,기업설명회(IR)개최(안내공시),기업설명회(IR)개최(안내공시),20251106800378
두산로보틱스,454910,01105153,2025-11-06,연결재무제표기준영업(잠정)실적(공정공시),연결재무제표기준영업(잠정)실적(공정공시),20251106800365
두산로보틱스,454910,01105153,2025-10-27,기업설명회(IR)개최(안내공시),기업설명회(IR)개최(안내공시),20251027800400
두산로보틱스,454910,01105153,2025-10-27,결산실적공시예고(안내공시),결산실적공시예고(안내공시),20251027800394
두산로보틱스,454910,01105153,2025-09-30,기타안내사항(안내공시),기타안내사항(안내공시),20250930800976
두산로보틱스,454910,01105153,2025-09-11,[기재정정]타법인주식및출자증권취득결정,[기재정정]타법인주식및출자증권취득결정,20250911800330
두산로보틱스,454910,01105153,2025-08-29,대규모기업집단현황공시[분기별공시(개별회사용)],대규모기업집단현황공시[분기별공시(개별회사용)],20250829002049
두산로보틱스,454910,01105153,2025-08-22,기업설명회(IR)개최(안내공시),기업설명회(IR)개최(안내공시),20250822800316
두산로보틱스,454910,01105153,2025-08-14,반기보고서 (2025.06),반기보고서 (2025.06),20250814004413
두산로보틱스,454910,01105153,2025-08-14,지급수단별ㆍ지급기간별지급금액및분쟁조정기구에관한사항,지급수단별ㆍ지급기간별지급금액및분쟁조정기구에관한사항,20250814002818
두산로보틱스,454910,01105153,2025-08-13,기업설명회(IR)개최(안내공시),기업설명회(IR)개최(안내공시),20250813800586
두산로보틱스,454910,01105153,2025-07-28,연결재무제표기준영업(잠정)실적(공정공시),연결재무제표기준영업(잠정)실적(공정공시),20250728800373
두산로보틱스,454910,01105153,2025-07-28,타법인주식및출자증권취득결정,타법인주식및출자증권취득결정,20250728800292
두산로보틱스,454910,01105153,2025-07-18,기업설명회(IR)개최(안내공시),기업설명회(IR)개최(안내공시),20250718800461
두산로보틱스,454910,01105153,2025-07-18,결산실적공시예고(안내공시),결산실적공시예고(안내공시),20250718800447
두산로보틱스,454910,01105153,2025-07-07,임원ㆍ주요주주특정증권등소유상황보고서,임원ㆍ주요주주특정증권등소유상황보고서,20250707000376
두산로보틱스,454910,01105153,2025-07-07,최대주주등소유주식변동신고서,최대주주등소유주식변동신고서,20250707800418
두산로보틱스,454910,01105153,2025-07-07,주식등의대량보유상황보고서(일반),주식등의대량보유상황보고서(일반),20250707000299
두산로보틱스,454910,01105153,2025-07-07,임원ㆍ주요주주특정증권등소유상황보고서,임원ㆍ주요주주특정증권등소유상황보고서,20250707000293
두산로보틱스,454910,01105153,2025-06-30,주식등의대량보유상황보고서(일반),주식등의대량보유상황보고서(일반),20250630000778
두산로보틱스,454910,01105153,2025-05-30,대규모기업집단현황공시[연1회공시및1/4분기용(개별회사)],대규모기업집단현황공시[연1회공시및1/4분기용(개별회사)],20250530002495
두산로보틱스,454910,01105153,2025-05-19,기업설명회(IR)개최(안내공시),기업설명회(IR)개최(안내공시),20250519800371
두산로보틱스,454910,01105153,2025-05-15,분기보고서 (2025.03),분기보고서 (2025.03),20250515003035
두산로보틱스,454910,01105153,2025-05-08,기업설명회(IR)개최(안내공시),기업설명회(IR)개최(안내공시),20250508800402
두산로보틱스,454910,01105153,2025-05-08,연결재무제표기준영업(잠정)실적(공정공시),연결재무제표기준영업(잠정)실적(공정공시),20250508800325
두산로보틱스,454910,01105153,2025-04-30,기업설명회(IR)개최(안내공시),기업설명회(IR)개최(안내공시),20250430801040
두산로보틱스,454910,01105153,2025-04-30,결산실적공시예고(안내공시),결산실적공시예고(안내공시),20250430800998
두산로보틱스,454910,01105153,2025-04-21,[기재정정]지급수단별ㆍ지급기간별지급금액및분쟁조정기구에관한사항,[기재정정]지급수단별ㆍ지급기간별지급금액및분쟁조정기구에관한사항,20250421000283
두산로보틱스,454910,01105153,2025-04-01,주식등의대량보유상황보고서(약식),주식등의대량보유상황보고서(약식),20250401003061
두산로보틱스,454910,01105153,2025-03-31,대표이사(대표집행임원)변경(안내공시),대표이사(대표집행임원)변경(안내공시),20250331803817
두산로보틱스,454910,01105153,2025-03-31,사외이사의선임ㆍ해임또는중도퇴임에관한신고,사외이사의선임ㆍ해임또는중도퇴임에관한신고,20250331004267
두산로보틱스,454910,01105153,2025-03-31,정기주주총회결과,정기주주총회결과,20250331803736
두산로보틱스,454910,01105153,2025-03-21,사업보고서 (2024.12),사업보고서 (2024.12),20250321001817
레인보우로보틱스,277810,01261644,2026-03-13,주주총회소집공고,주주총회소집공고,20260313001141
레인보우로보틱스,277810,01261644,2026-03-13,주주총회집중일개최사유신고,주주총회집중일개최사유신고,20260313900717
레인보우로보틱스,277810,01261644,2026-03-13,주주총회소집결의,주주총회소집결의,20260313900631
레인보우로보틱스,277810,01261644,2026-02-27,매출액또는손익구조30%(대규모법인은15%)이상변동,매출액또는손익구조30%(대규모법인은15%)이상변동,20260227901521
레인보우로보틱스,277810,01261644,2025-12-16,주주명부폐쇄기간또는기준일설정,주주명부폐쇄기간또는기준일설정,20251216900575
레인보우로보틱스,277810,01261644,2025-12-05,[기재정정]신규시설투자등,[기재정정]신규시설투자등,20251205900454
레인보우로보틱스,277810,01261644,2025-11-14,분기보고서 (2025.09),분기보고서 (2025.09),20251114002584
레인보우로보틱스,277810,01261644,2025-08-14,반기보고서 (2025.06),반기보고서 (2025.06),20250814003089
레인보우로보틱스,277810,01261644,2025-08-14,[기재정정]사업보고서 (2024.12),[기재정정]사업보고서 (2024.12),20250814002961
레인보우로보틱스,277810,01261644,2025-05-15,분기보고서 (2025.03),분기보고서 (2025.03),20250515001834
레인보우로보틱스,277810,01261644,2025-03-31,사외이사의선임ㆍ해임또는중도퇴임에관한신고,사외이사의선임ㆍ해임또는중도퇴임에관한신고,20250331003290
레인보우로보틱스,277810,01261644,2025-03-31,정기주주총회결과,정기주주총회결과,20250331901114
레인보우로보틱스,277810,01261644,2025-03-21,사업보고서 (2024.12),사업보고서 (2024.12),20250321000789
레인보우로보틱스,277810,01261644,2025-03-21,감사보고서제출,감사보고서제출,20250321900357
레인보우로보틱스,277810,01261644,2025-03-19,임원ㆍ주요주주특정증권등소유상황보고서,임원ㆍ주요주주특정증권등소유상황보고서,20250319001106
레인보우로보틱스,277810,01261644,2025-03-19,임원ㆍ주요주주특정증권등소유상황보고서,임원ㆍ주요주주특정증권등소유상황보고서,20250319001082
레인보우로보틱스,277810,01261644,2025-03-19,임원ㆍ주요주주특정증권등소유상황보고서,임원ㆍ주요주주특정증권등소유상황보고서,20250319001052
레인보우로보틱스,277810,01261644,2025-03-19,임원ㆍ주요주주특정증권등소유상황보고서,임원ㆍ주요주주특정증권등소유상황보고서,20250319000799
레인보우로보틱스,277810,01261644,2025-03-19,주식등의대량보유상황보고서(일반),주식등의대량보유상황보고서(일반),20250319000761
레인보우로보틱스,277810,01261644,2025-03-19,임원ㆍ주요주주특정증권등소유상황보고서,임원ㆍ주요주주특정증권등소유상황보고서,20250319000705
레인보우로보틱스,277810,01261644,2025-03-19,주식등의대량보유상황보고서(일반),주식등의대량보유상황보고서(일반),20250319000659
로보스타,090360,00536523,2026-03-12,사업보고서 (2025.12),사업보고서 (2025.12),20260312000793
로보스타,090360,00536523,2026-03-12,감사보고서제출,감사보고서제출,20260312900577
로보스타,090360,00536523,2026-03-09,[기재정정]주주총회소집공고,[기재정정]주주총회소집공고,20260309001093
로보스타,090360,00536523,2026-03-05,주주총회소집공고,주주총회소집공고,20260305001369
로보스타,090360,00536523,2026-03-04,[기재정정]주주총회소집결의,[기재정정]주주총회소집결의,20260304901511
로보스타,090360,00536523,2026-02-27,대규모기업집단현황공시[분기별공시(개별회사용)],대규모기업집단현황공시[분기별공시(개별회사용)],20260227007975
로보스타,090360,00536523,2026-02-13,주주총회소집결의,주주총회소집결의,20260213901619
로보스타,090360,00536523,2026-02-13,[기재정정]지급수단별ㆍ지급기간별지급금액및분쟁조정기구에관한사항,[기재정정]지급수단별ㆍ지급기간별지급금액및분쟁조정기구에관한사항,20260213002050
로보스타,090360,00536523,2026-02-13,지급수단별ㆍ지급기간별지급금액및분쟁조정기구에관한사항,지급수단별ㆍ지급기간별지급금액및분쟁조정기구에관한사항,20260213001037
로보스타,090360,00536523,2026-01-26,매출액또는손익구조30%(대규모법인은15%)이상변동,매출액또는손익구조30%(대규모법인은15%)이상변동,20260126901130
로보스타,090360,00536523,2025-12-15,주주명부폐쇄기간또는기준일설정,주주명부폐쇄기간또는기준일설정,20251215900504
로보스타,090360,00536523,2025-11-28,대규모기업집단현황공시[분기별공시(개별회사용)],대규모기업집단현황공시[분기별공시(개별회사용)],20251128001819
로보스타,090360,00536523,2025-11-14,분기보고서 (2025.09),분기보고서 (2025.09),20251114002287
로보스타,090360,00536523,2025-10-20,[기재정정]임원ㆍ주요주주특정증권등소유상황보고서,[기재정정]임원ㆍ주요주주특정증권등소유상황보고서,20251020000227
로보스타,090360,00536523,2025-10-20,임원ㆍ주요주주특정증권등소유상황보고서,임원ㆍ주요주주특정증권등소유상황보고서,20251020000201
로보스타,090360,00536523,2025-10-20,주식등의대량보유상황보고서(일반),주식등의대량보유상황보고서(일반),20251020000094
로보스타,090360,00536523,2025-09-26,임원ㆍ주요주주특정증권등소유상황보고서,임원ㆍ주요주주특정증권등소유상황보고서,20250926000339
로보스타,090360,00536523,2025-09-25,주식등의대량보유상황보고서(일반),주식등의대량보유상황보고서(일반),20250925000198
로보스타,090360,00536523,2025-08-29,대규모기업집단현황공시[분기별공시(개별회사용)],대규모기업집단현황공시[분기별공시(개별회사용)],20250829002000
로보스타,090360,00536523,2025-08-14,반기보고서 (2025.06),반기보고서 (2025.06),20250814003675
로보스타,090360,00536523,2025-08-14,지급수단별ㆍ지급기간별지급금액및분쟁조정기구에관한사항,지급수단별ㆍ지급기간별지급금액및분쟁조정기구에관한사항,20250814000574
로보스타,090360,00536523,2025-05-30,대규모기업집단현황공시[연1회공시및1/4분기용(개별회사)],대규모기업집단현황공시[연1회공시및1/4분기용(개별회사)],20250530002552
로보스타,090360,00536523,2025-05-14,분기보고서 (2025.03),분기보고서 (2025.03),20250514000398
로보스타,090360,00536523,2025-03-21,정기주주총회결과,정기주주총회결과,20250321901808
로보티즈,108490,00946030,2026-03-06,[기재정정]주주총회소집결의,[기재정정]주주총회소집결의,20260306900739
로보티즈,108490,00946030,2026-03-06,의결권대리행사권유참고서류,의결권대리행사권유참고서류,20260306000829
로보티즈,108490,00946030,2026-03-06,주주총회소집공고,주주총회소집공고,20260306000825
로보티즈,108490,00946030,2026-03-04,주주총회소집결의,주주총회소집결의,20260304900894
로보티즈,108490,00946030,2026-02-05,주식등의대량보유상황보고서(약식),주식등의대량보유상황보고서(약식),20260205000424
로보티즈,108490,00946030,2026-01-30,임원ㆍ주요주주특정증권등소유상황보고서,임원ㆍ주요주주특정증권등소유상황보고서,20260130000540
로보티즈,108490,00946030,2026-01-30,임원ㆍ주요주주특정증권등소유상황보고서,임원ㆍ주요주주특정증권등소유상황보고서,20260130000532
로보티즈,108490,00946030,2026-01-30,임원ㆍ주요주주특정증권등소유상황보고서,임원ㆍ주요주주특정증권등소유상황보고서,20260130000521
로보티즈,108490,00946030,2026-01-30,임원ㆍ주요주주특정증권등소유상황보고서,임원ㆍ주요주주특정증권등소유상황보고서,20260130000514
로보티즈,108490,00946030,2026-01-30,자기주식처분결과보고서,자기주식처분결과보고서,20260130000502
로보티즈,108490,00946030,2026-01-28,매출액또는손익구조30%(대규모법인은15%)이상변동,매출액또는손익구조30%(대규모법인은15%)이상변동,20260128900459
로보티즈,108490,00946030,2026-01-26,타법인주식및출자증권취득결정(자율공시),타법인주식및출자증권취득결정(자율공시),20260126901187
로보티즈,108490,00946030,2026-01-23,주요사항보고서(자기주식처분결정),주요사항보고서(자기주식처분결정),20260123000377
로보티즈,108490,00946030,2026-01-07,자기주식처분결과보고서,자기주식처분결과보고서,20260107000477
로보티즈,108490,00946030,2026-01-05,주요사항보고서(자기주식처분결정),주요사항보고서(자기주식처분결정),20260105000433
로보티즈,108490,00946030,2025-12-17,[첨부정정]주요사항보고서(전환사채권발행결정),[첨부정정]주요사항보고서(전환사채권발행결정),20251217000085
로보티즈,108490,00946030,2025-12-16,주주명부폐쇄기간또는기준일설정,주주명부폐쇄기간또는기준일설정,20251216900241
로보티즈,108490,00946030,2025-11-21,주식등의대량보유상황보고서(일반),주식등의대량보유상황보고서(일반),20251121000383
로보티즈,108490,00946030,2025-11-21,임원ㆍ주요주주특정증권등소유상황보고서,임원ㆍ주요주주특정증권등소유상황보고서,20251121000364
로보티즈,108490,00946030,2025-11-21,임원ㆍ주요주주특정증권등소유상황보고서,임원ㆍ주요주주특정증권등소유상황보고서,20251121000352
로보티즈,108490,00946030,2025-11-21,임원ㆍ주요주주특정증권등소유상황보고서,임원ㆍ주요주주특정증권등소유상황보고서,20251121000343
로보티즈,108490,00946030,2025-11-17,증권발행실적보고서,증권발행실적보고서,20251117000076
로보티즈,108490,00946030,2025-11-17,증권발행결과(자율공시),증권발행결과(자율공시),20251117900200
로보티즈,108490,00946030,2025-11-14,분기보고서 (2025.09),분기보고서 (2025.09),20251114000599
로보티즈,108490,00946030,2025-11-11,유상증자또는주식관련사채등의청약결과(자율공시),유상증자또는주식관련사채등의청약결과(자율공시),20251111900149
로보티즈,108490,00946030,2025-11-05,[기재정정]투자설명서,[기재정정]투자설명서,20251105000077
로보티즈,108490,00946030,2025-11-05,[발행조건확정]증권신고서(지분증권),[발행조건확정]증권신고서(지분증권),20251105000073
로보티즈,108490,00946030,2025-11-05,[기재정정]주요사항보고서(유상증자결정),[기재정정]주요사항보고서(유상증자결정),20251105000069
로보티즈,108490,00946030,2025-11-05,유상증자최종발행가액확정,유상증자최종발행가액확정,20251105900193
로보티즈,108490,00946030,2025-10-27,주식등의대량보유상황보고서(일반),주식등의대량보유상황보고서(일반),20251027000248
로보티즈,108490,00946030,2025-10-27,임원ㆍ주요주주특정증권등소유상황보고서,임원ㆍ주요주주특정증권등소유상황보고서,20251027000244
로보티즈,108490,00946030,2025-10-27,임원ㆍ주요주주특정증권등소유상황보고서,임원ㆍ주요주주특정증권등소유상황보고서,20251027000232
로보티즈,108490,00946030,2025-09-26,권리락              (유상증자),권리락              (유상증자),20250926900657
로보티즈,108490,00946030,2025-09-26,투자설명서,투자설명서,20250926000251
로보티즈,108490,00946030,2025-09-26,[발행조건확정]증권신고서(지분증권),[발행조건확정]증권신고서(지분증권),20250926000248
로보티즈,108490,00946030,2025-09-26,[기재정정]주요사항보고서(유상증자결정),[기재정정]주요사항보고서(유상증자결정),20250926000239
로보티즈,108490,00946030,2025-09-26,유상증자1차발행가액결정,유상증자1차발행가액결정,20250926900212
로보티즈,108490,00946030,2025-09-24,[기재정정]임원ㆍ주요주주특정증권등거래계획보고서,[기재정정]임원ㆍ주요주주특정증권등거래계획보고서,20250924000423
로보티즈,108490,00946030,2025-09-19,임원ㆍ주요주주특정증권등거래계획보고서,임원ㆍ주요주주특정증권등거래계획보고서,20250919000431
로보티즈,108490,00946030,2025-09-11,[기재정정]증권신고서(지분증권),[기재정정]증권신고서(지분증권),20250911000396
로보티즈,108490,00946030,2025-08-28,증권신고서(지분증권),증권신고서(지분증권),20250828001280
로보티즈,108490,00946030,2025-08-28,주요사항보고서(유상증자결정),주요사항보고서(유상증자결정),20250828001077
로보티즈,108490,00946030,2025-08-14,반기보고서 (2025.06),반기보고서 (2025.06),20250814002191
로보티즈,108490,00946030,2025-07-01,임원ㆍ주요주주특정증권등소유상황보고서,임원ㆍ주요주주특정증권등소유상황보고서,20250701000421
로보티즈,108490,00946030,2025-06-02,합병등종료보고서(분할),합병등종료보고서(분할),20250602001173
로보티즈,108490,00946030,2025-05-12,분기보고서 (2025.03),분기보고서 (2025.03),20250512000516
로보티즈,108490,00946030,2025-05-02,임시주주총회결과,임시주주총회결과,20250502900320
로보티즈,108490,00946030,2025-04-17,주주총회소집공고,주주총회소집공고,20250417000277
로보티즈,108490,00946030,2025-04-04,임원ㆍ주요주주특정증권등소유상황보고서,임원ㆍ주요주주특정증권등소유상황보고서,20250404003660
로보티즈,108490,00946030,2025-04-04,임원ㆍ주요주주특정증권등소유상황보고서,임원ㆍ주요주주특정증권등소유상황보고서,20250404003554
로보티즈,108490,00946030,2025-03-31,[기재정정]주요사항보고서(회사분할결정),[기재정정]주요사항보고서(회사분할결정),20250331003796
로보티즈,108490,00946030,2025-03-25,정기주주총회결과,정기주주총회결과,20250325900644
로보티즈,108490,00946030,2025-03-18,주주총회소집결의              (임시주주총회),주주총회소집결의              (임시주주총회),20250318901041
로보티즈,108490,00946030,2025-03-18,주주명부폐쇄기간또는기준일설정,주주명부폐쇄기간또는기준일설정,20250318901027
로보티즈,108490,00946030,2025-03-18,주요사항보고서(회사분할결정),주요사항보고서(회사분할결정),20250318000631
로보티즈,108490,00946030,2025-03-18,임원ㆍ주요주주특정증권등소유상황보고서,임원ㆍ주요주주특정증권등소유상황보고서,20250318000452
로보티즈,108490,00946030,2025-03-17,사업보고서 (2024.12),사업보고서 (2024.12),20250317000802
로보티즈,108490,00946030,2025-03-17,감사보고서제출,감사보고서제출,20250317900290
루닛,328130,01397620,2026-03-10,[기재정정]사업보고서 (2024.12),[기재정정]사업보고서 (2024.12),20260310002847
루닛,328130,01397620,2026-03-09,기업설명회(IR)개최,기업설명회(IR)개최,20260309900743
루닛,328130,01397620,2026-03-09,[기재정정]주주총회소집공고,[기재정정]주주총회소집공고,20260309001483
루닛,328130,01397620,2026-03-06,주식등의대량보유상황보고서(일반),주식등의대량보유상황보고서(일반),20260306000703
루닛,328130,01397620,2026-03-04,의결권대리행사권유참고서류,의결권대리행사권유참고서류,20260304001182
루닛,328130,01397620,2026-03-04,주주총회소집공고,주주총회소집공고,20260304001172
루닛,328130,01397620,2026-03-03,전환가액의조정              (제2회차),전환가액의조정              (제2회차),20260303900685
루닛,328130,01397620,2026-02-27,[기재정정]증권신고서(지분증권),[기재정정]증권신고서(지분증권),20260227007705
루닛,328130,01397620,2026-02-27,[기재정정]주요사항보고서(유무상증자결정),[기재정정]주요사항보고서(유무상증자결정),20260227006810
루닛,328130,01397620,2026-02-24,기업설명회(IR)개최,기업설명회(IR)개최,20260224900729
루닛,328130,01397620,2026-02-23,임원ㆍ주요주주특정증권등거래계획보고서,임원ㆍ주요주주특정증권등거래계획보고서,20260223003263
루닛,328130,01397620,2026-02-23,임원ㆍ주요주주특정증권등거래계획보고서,임원ㆍ주요주주특정증권등거래계획보고서,20260223003214
루닛,328130,01397620,2026-02-13,[기재정정]증권신고서(지분증권),[기재정정]증권신고서(지분증권),20260213002330
루닛,328130,01397620,2026-02-12,주주총회소집결의,주주총회소집결의,20260212901328
루닛,328130,01397620,2026-02-12,[기재정정]주식매수선택권부여에관한신고,[기재정정]주식매수선택권부여에관한신고,20260212001221
루닛,328130,01397620,2026-02-12,[기재정정]주식매수선택권부여에관한신고,[기재정정]주식매수선택권부여에관한신고,20260212001207
루닛,328130,01397620,2026-02-12,[기재정정]주식매수선택권부여에관한신고,[기재정정]주식매수선택권부여에관한신고,20260212001187
루닛,328130,01397620,2026-02-12,[기재정정]주식매수선택권부여에관한신고,[기재정정]주식매수선택권부여에관한신고,20260212001141
루닛,328130,01397620,2026-02-12,[기재정정]주식매수선택권부여에관한신고,[기재정정]주식매수선택권부여에관한신고,20260212001115
루닛,328130,01397620,2026-02-12,[기재정정]주식매수선택권부여에관한신고,[기재정정]주식매수선택권부여에관한신고,20260212001109
루닛,328130,01397620,2026-02-12,[기재정정]주식매수선택권부여에관한신고,[기재정정]주식매수선택권부여에관한신고,20260212001090
루닛,328130,01397620,2026-02-04,전환가액의조정              (제1회차),전환가액의조정              (제1회차),20260204900291
루닛,328130,01397620,2026-01-30,단기차입금증가결정,단기차입금증가결정,20260130901457
루닛,328130,01397620,2026-01-30,매출액또는손익구조30%(대규모법인은15%)이상변동,매출액또는손익구조30%(대규모법인은15%)이상변동,20260130901454
루닛,328130,01397620,2026-01-30,증권신고서(지분증권),증권신고서(지분증권),20260130000629
루닛,328130,01397620,2026-01-30,주권매매거래정지              (무상증자),주권매매거래정지              (무상증자),20260130901006
루닛,328130,01397620,2026-01-30,주요사항보고서(유무상증자결정),주요사항보고서(유무상증자결정),20260130000569
루닛,328130,01397620,2026-01-16,임원ㆍ주요주주특정증권등소유상황보고서,임원ㆍ주요주주특정증권등소유상황보고서,20260116000305
루닛,328130,01397620,2025-12-15,주주명부폐쇄기간또는기준일설정,주주명부폐쇄기간또는기준일설정,20251215901089
루닛,328130,01397620,2025-12-10,[기재정정]주식매수선택권부여에관한신고,[기재정정]주식매수선택권부여에관한신고,20251210000406
루닛,328130,01397620,2025-12-10,[기재정정]주식매수선택권부여에관한신고,[기재정정]주식매수선택권부여에관한신고,20251210000391
루닛,328130,01397620,2025-11-13,[기재정정]주식매수선택권부여에관한신고,[기재정정]주식매수선택권부여에관한신고,20251113000633
루닛,328130,01397620,2025-11-13,[기재정정]주식매수선택권부여에관한신고,[기재정정]주식매수선택권부여에관한신고,20251113000624
루닛,328130,01397620,2025-11-13,[기재정정]주식매수선택권부여에관한신고,[기재정정]주식매수선택권부여에관한신고,20251113000608
루닛,328130,01397620,2025-11-13,[기재정정]주식매수선택권부여에관한신고,[기재정정]주식매수선택권부여에관한신고,20251113000596
루닛,328130,01397620,2025-11-13,[기재정정]주식매수선택권부여에관한신고,[기재정정]주식매수선택권부여에관한신고,20251113000587
루닛,328130,01397620,2025-11-13,분기보고서 (2025.09),분기보고서 (2025.09),20251113000290
루닛,328130,01397620,2025-10-31,주식등의대량보유상황보고서(일반),주식등의대량보유상황보고서(일반),20251031000306
루닛,328130,01397620,2025-09-26,주식매수선택권부여에관한신고,주식매수선택권부여에관한신고,20250926000768
루닛,328130,01397620,2025-08-29,기업설명회(IR)개최,기업설명회(IR)개최,20250829900655
루닛,328130,01397620,2025-08-13,반기보고서 (2025.06),반기보고서 (2025.06),20250813001323
루닛,328130,01397620,2025-08-07,[기재정정]주식매수선택권부여에관한신고,[기재정정]주식매수선택권부여에관한신고,20250807000352
루닛,328130,01397620,2025-08-07,[기재정정]주식매수선택권부여에관한신고,[기재정정]주식매수선택권부여에관한신고,20250807000349
루닛,328130,01397620,2025-08-07,[기재정정]주식매수선택권부여에관한신고,[기재정정]주식매수선택권부여에관한신고,20250807000345
루닛,328130,01397620,2025-08-07,[기재정정]주식매수선택권부여에관한신고,[기재정정]주식매수선택권부여에관한신고,20250807000342
루닛,328130,01397620,2025-08-07,[기재정정]주식매수선택권부여에관한신고,[기재정정]주식매수선택권부여에관한신고,20250807000338
루닛,328130,01397620,2025-08-07,주식매수선택권부여에관한신고,주식매수선택권부여에관한신고,20250807000331
루닛,328130,01397620,2025-08-01,전환가액의조정              (제2회차),전환가액의조정              (제2회차),20250801900704
루닛,328130,01397620,2025-07-25,임원ㆍ주요주주특정증권등소유상황보고서,임원ㆍ주요주주특정증권등소유상황보고서,20250725000602
루닛,328130,01397620,2025-07-25,주식등의대량보유상황보고서(일반),주식등의대량보유상황보고서(일반),20250725000581
루닛,328130,01397620,2025-07-04,전환가액의조정              (제1회차),전환가액의조정              (제1회차),20250704900623
루닛,328130,01397620,2025-07-04,주식등의대량보유상황보고서(일반),주식등의대량보유상황보고서(일반),20250704000337
루닛,328130,01397620,2025-06-27,지속가능경영보고서등관련사항(자율공시),지속가능경영보고서등관련사항(자율공시),20250627900508
루닛,328130,01397620,2025-05-12,분기보고서 (2025.03),분기보고서 (2025.03),20250512000509
루닛,328130,01397620,2025-04-25,임원ㆍ주요주주특정증권등소유상황보고서,임원ㆍ주요주주특정증권등소유상황보고서,20250425000815
루닛,328130,01397620,2025-04-25,임원ㆍ주요주주특정증권등소유상황보고서,임원ㆍ주요주주특정증권등소유상황보고서,20250425000775
루닛,328130,01397620,2025-04-07,임원ㆍ주요주주특정증권등소유상황보고서,임원ㆍ주요주주특정증권등소유상황보고서,20250407003681
루닛,328130,01397620,2025-04-04,주식등의대량보유상황보고서(일반),주식등의대량보유상황보고서(일반),20250404003990
루닛,328130,01397620,2025-03-27,주식매수선택권부여에관한신고,주식매수선택권부여에관한신고,20250327001109
루닛,328130,01397620,2025-03-27,정기주주총회결과,정기주주총회결과,20250327901067
루닛,328130,01397620,2025-03-19,사업보고서 (2024.12),사업보고서 (2024.12),20250319001118
루닛,328130,01397620,2025-03-19,감사보고서제출,감사보고서제출,20250319901372
보로노이,310210,01327746,2026-03-13,의결권대리행사권유참고서류,의결권대리행사권유참고서류,20260313000775
보로노이,310210,01327746,2026-03-13,주주총회소집공고,주주총회소집공고,20260313000759
보로노이,310210,01327746,2026-03-12,[기재정정]주주총회집중일개최사유신고,[기재정정]주주총회집중일개최사유신고,20260312901931
보로노이,310210,01327746,2026-03-12,주주총회집중일개최사유신고,주주총회집중일개최사유신고,20260312901687
보로노이,310210,01327746,2026-03-12,주주총회소집결의,주주총회소집결의,20260312901396
보로노이,310210,01327746,2026-03-11,기업설명회(IR)개최,기업설명회(IR)개최,20260311900122
보로노이,310210,01327746,2026-03-05,주식등의대량보유상황보고서(일반),주식등의대량보유상황보고서(일반),20260305000811
보로노이,310210,01327746,2026-02-26,기업설명회(IR)개최,기업설명회(IR)개최,20260226900700
보로노이,310210,01327746,2026-02-24,주식등의대량보유상황보고서(일반),주식등의대량보유상황보고서(일반),20260224001214
보로노이,310210,01327746,2026-02-13,매출액또는손익구조30%(대규모법인은15%)이상변동,매출액또는손익구조30%(대규모법인은15%)이상변동,20260213900811
보로노이,310210,01327746,2026-02-06,투자판단관련주요경영사항(임상시험계획변경승인신청)              (VRN110755의 제 1/2상 임상시험),투자판단관련주요경영사항(임상시험계획변경승인신청)              (VRN110755의 제 1/2상 임상시험),20260206901357
보로노이,310210,01327746,2026-02-04,[기재정정]투자판단관련주요경영사항(임상시험계획승인신청등결정)              (VRN110755의 제1상 임상시험계획 승인),[기재정정]투자판단관련주요경영사항(임상시험계획승인신청등결정)              (VRN110755의 제1상 임상시험계획 승인),20260204900447
보로노이,310210,01327746,2026-01-15,"[기재정정]투자판단관련주요경영사항(임상시험계획승인신청)              (HER2 유발 고형암 환자에서 VRN101099의 안전성, 내약성, 약동학 및 유효성을 평가하기 위한 제1상 임상시험)","[기재정정]투자판단관련주요경영사항(임상시험계획승인신청)              (HER2 유발 고형암 환자에서 VRN101099의 안전성, 내약성, 약동학 및 유효성을 평가하기 위한 제1상 임상시험)",20260115900493
보로노이,310210,01327746,2025-12-30,주식등의대량보유상황보고서(일반),주식등의대량보유상황보고서(일반),20251230000236
보로노이,310210,01327746,2025-12-30,자기주식처분결과보고서,자기주식처분결과보고서,20251230000232
보로노이,310210,01327746,2025-12-29,주요사항보고서(자기주식처분결정),주요사항보고서(자기주식처분결정),20251229000758
보로노이,310210,01327746,2025-12-18,주식등의대량보유상황보고서(일반),주식등의대량보유상황보고서(일반),20251218000451
보로노이,310210,01327746,2025-12-15,주식등의대량보유상황보고서(일반),주식등의대량보유상황보고서(일반),20251215000317
보로노이,310210,01327746,2025-12-12,주주명부폐쇄기간또는기준일설정,주주명부폐쇄기간또는기준일설정,20251212901268
보로노이,310210,01327746,2025-12-05,주식등의대량보유상황보고서(일반),주식등의대량보유상황보고서(일반),20251205000398
보로노이,310210,01327746,2025-12-03,기업설명회(IR)개최,기업설명회(IR)개최,20251203900229
보로노이,310210,01327746,2025-11-26,기업설명회(IR)개최,기업설명회(IR)개최,20251126900131
보로노이,310210,01327746,2025-11-25,주식등의대량보유상황보고서(일반),주식등의대량보유상황보고서(일반),20251125000610
보로노이,310210,01327746,2025-11-24,기업설명회(IR)개최,기업설명회(IR)개최,20251124900314
보로노이,310210,01327746,2025-11-14,분기보고서 (2025.09),분기보고서 (2025.09),20251114002179
보로노이,310210,01327746,2025-11-10,[기재정정]주식등의대량보유상황보고서(일반),[기재정정]주식등의대량보유상황보고서(일반),20251110000239
보로노이,310210,01327746,2025-11-07,주식등의대량보유상황보고서(일반),주식등의대량보유상황보고서(일반),20251107000575
보로노이,310210,01327746,2025-11-07,임원ㆍ주요주주특정증권등소유상황보고서,임원ㆍ주요주주특정증권등소유상황보고서,20251107000572
보로노이,310210,01327746,2025-11-07,임원ㆍ주요주주특정증권등소유상황보고서,임원ㆍ주요주주특정증권등소유상황보고서,20251107000569
보로노이,310210,01327746,2025-10-15,자기주식처분결과보고서,자기주식처분결과보고서,20251015000046
보로노이,310210,01327746,2025-10-10,증권발행결과(자율공시),증권발행결과(자율공시),20251010900427
보로노이,310210,01327746,2025-10-02,주요사항보고서(자기주식처분결정),주요사항보고서(자기주식처분결정),20251002000554
보로노이,310210,01327746,2025-10-02,주요사항보고서(교환사채권발행결정),주요사항보고서(교환사채권발행결정),20251002000532
보로노이,310210,01327746,2025-10-01,[기재정정]투자판단관련주요경영사항(임상시험계획승인신청등결정)              (VRN110755의 제1상 임상시험계획 승인),[기재정정]투자판단관련주요경영사항(임상시험계획승인신청등결정)              (VRN110755의 제1상 임상시험계획 승인),20251001900722
보로노이,310210,01327746,2025-09-23,주식등의대량보유상황보고서(일반),주식등의대량보유상황보고서(일반),20250923000310
보로노이,310210,01327746,2025-09-18,투자판단관련주요경영사항              (VRN04 프로그램 연구에 대한 옵션 행사 및 자산 구매 계약 체결),투자판단관련주요경영사항              (VRN04 프로그램 연구에 대한 옵션 행사 및 자산 구매 계약 체결),20250918900276
보로노이,310210,01327746,2025-09-08,[기재정정]주식등의대량보유상황보고서(일반),[기재정정]주식등의대량보유상황보고서(일반),20250905000571
보로노이,310210,01327746,2025-09-05,주식등의대량보유상황보고서(일반),주식등의대량보유상황보고서(일반),20250905000566
보로노이,310210,01327746,2025-09-02,주식등의대량보유상황보고서(일반),주식등의대량보유상황보고서(일반),20250902000176
보로노이,310210,01327746,2025-08-20,"[기재정정]투자판단관련주요경영사항(임상시험계획승인신청)              (표피성장인자 수용체EGFR 돌연변이 비소세포폐암NSCLC 환자에서 VRN110755 의 안전성, 내약성, 약동학, 약력학 및 유효성을 평가하기 위한 제1상 시험)","[기재정정]투자판단관련주요경영사항(임상시험계획승인신청)              (표피성장인자 수용체EGFR 돌연변이 비소세포폐암NSCLC 환자에서 VRN110755 의 안전성, 내약성, 약동학, 약력학 및 유효성을 평가하기 위한 제1상 시험)",20250820900262
보로노이,310210,01327746,2025-08-14,반기보고서 (2025.06),반기보고서 (2025.06),20250814002827
보로노이,310210,01327746,2025-07-04,증권발행결과(자율공시),증권발행결과(자율공시),20250704900687
보로노이,310210,01327746,2025-06-30,주요사항보고서(전환사채권발행결정),주요사항보고서(전환사채권발행결정),20250627000897
보로노이,310210,01327746,2025-06-12,기업설명회(IR)개최,기업설명회(IR)개최,20250612900311
보로노이,310210,01327746,2025-05-21,기업설명회(IR)개최,기업설명회(IR)개최,20250521900125
보로노이,310210,01327746,2025-05-16,기업설명회(IR)개최,기업설명회(IR)개최,20250516900090
보로노이,310210,01327746,2025-05-14,"[기재정정]투자판단관련주요경영사항(임상시험계획승인신청)              (표피성장인자 수용체EGFR 돌연변이 비소세포폐암NSCLC 환자에서 VRN110755 의 안전성, 내약성, 약동학, 약력학 및 유효성을 평가하기 위한 제1상 시험)","[기재정정]투자판단관련주요경영사항(임상시험계획승인신청)              (표피성장인자 수용체EGFR 돌연변이 비소세포폐암NSCLC 환자에서 VRN110755 의 안전성, 내약성, 약동학, 약력학 및 유효성을 평가하기 위한 제1상 시험)",20250514900002
보로노이,310210,01327746,2025-05-09,분기보고서 (2025.03),분기보고서 (2025.03),20250509000623
보로노이,310210,01327746,2025-05-08,기업설명회(IR)개최,기업설명회(IR)개최,20250508900173
보로노이,310210,01327746,2025-03-28,주식등의대량보유상황보고서(일반),주식등의대량보유상황보고서(일반),20250328002095
보로노이,310210,01327746,2025-03-28,주식매수선택권부여에관한신고,주식매수선택권부여에관한신고,20250328002073
보로노이,310210,01327746,2025-03-28,주식매수선택권부여에관한신고,주식매수선택권부여에관한신고,20250328002057
보로노이,310210,01327746,2025-03-28,사외이사의선임ㆍ해임또는중도퇴임에관한신고,사외이사의선임ㆍ해임또는중도퇴임에관한신고,20250328002017
보로노이,310210,01327746,2025-03-28,정기주주총회결과,정기주주총회결과,20250328902935
보로노이,310210,01327746,2025-03-25,[기재정정]투자판단관련주요경영사항(임상시험계획승인신청등결정)              (VRN101099의 제1상 임상시험계획 승인),[기재정정]투자판단관련주요경영사항(임상시험계획승인신청등결정)              (VRN101099의 제1상 임상시험계획 승인),20250325901418
보로노이,310210,01327746,2025-03-20,사업보고서 (2024.12),사업보고서 (2024.12),20250320001039
보로노이,310210,01327746,2025-03-20,감사보고서제출,감사보고서제출,20250320901165
뷰노,338220,01344202,2026-03-04,[기재정정]의결권대리행사권유참고서류,[기재정정]의결권대리행사권유참고서류,20260304001630
뷰노,338220,01344202,2026-03-03,의결권대리행사권유참고서류,의결권대리행사권유참고서류,20260303002532
뷰노,338220,01344202,2026-03-03,주주총회소집공고,주주총회소집공고,20260303002496
뷰노,338220,01344202,2026-02-27,증권발행결과(자율공시),증권발행결과(자율공시),20260227901965
뷰노,338220,01344202,2026-02-26,전환사채(해외전환사채포함)발행후만기전사채취득,전환사채(해외전환사채포함)발행후만기전사채취득,20260226900697
뷰노,338220,01344202,2026-02-25,주주총회집중일개최사유신고,주주총회집중일개최사유신고,20260225900865
뷰노,338220,01344202,2026-02-25,주주총회소집결의,주주총회소집결의,20260225900858
뷰노,338220,01344202,2026-02-12,주요사항보고서(전환사채권발행결정),주요사항보고서(전환사채권발행결정),20260212001094
뷰노,338220,01344202,2026-02-12,주요사항보고서(자본으로인정되는채무증권발행결정),주요사항보고서(자본으로인정되는채무증권발행결정),20260212001104
뷰노,338220,01344202,2026-02-04,매출액또는손익구조30%(대규모법인은15%)이상변동,매출액또는손익구조30%(대규모법인은15%)이상변동,20260204900096
뷰노,338220,01344202,2025-12-10,증권발행결과(자율공시),증권발행결과(자율공시),20251210900590
뷰노,338220,01344202,2025-12-02,주요사항보고서(전환사채권발행결정),주요사항보고서(전환사채권발행결정),20251202000243
뷰노,338220,01344202,2025-12-02,주요사항보고서(자본으로인정되는채무증권발행결정),주요사항보고서(자본으로인정되는채무증권발행결정),20251202000217
뷰노,338220,01344202,2025-12-02,주주명부폐쇄기간또는기준일설정,주주명부폐쇄기간또는기준일설정,20251202900263
뷰노,338220,01344202,2025-11-12,분기보고서 (2025.09),분기보고서 (2025.09),20251112000297
뷰노,338220,01344202,2025-10-27,임원ㆍ주요주주특정증권등소유상황보고서,임원ㆍ주요주주특정증권등소유상황보고서,20251027000190
뷰노,338220,01344202,2025-09-22,합병등종료보고서(자산양수도),합병등종료보고서(자산양수도),20250922000155
뷰노,338220,01344202,2025-09-10,[기재정정]단일판매ㆍ공급계약체결,[기재정정]단일판매ㆍ공급계약체결,20250910900248
뷰노,338220,01344202,2025-09-10,주요사항보고서(중요한자산양수도결정(기타)),주요사항보고서(중요한자산양수도결정(기타)),20250910000417
뷰노,338220,01344202,2025-09-05,주식등의대량보유상황보고서(일반),주식등의대량보유상황보고서(일반),20250905000367
뷰노,338220,01344202,2025-08-21,[기재정정]단일판매ㆍ공급계약체결,[기재정정]단일판매ㆍ공급계약체결,20250821900320
뷰노,338220,01344202,2025-08-13,반기보고서 (2025.06),반기보고서 (2025.06),20250813001054
뷰노,338220,01344202,2025-06-02,임원ㆍ주요주주특정증권등소유상황보고서,임원ㆍ주요주주특정증권등소유상황보고서,20250602000883
뷰노,338220,01344202,2025-05-16,임원ㆍ주요주주특정증권등소유상황보고서,임원ㆍ주요주주특정증권등소유상황보고서,20250516000304
뷰노,338220,01344202,2025-05-16,임원ㆍ주요주주특정증권등소유상황보고서,임원ㆍ주요주주특정증권등소유상황보고서,20250516000298
뷰노,338220,01344202,2025-05-13,분기보고서 (2025.03),분기보고서 (2025.03),20250513000484
뷰노,338220,01344202,2025-04-28,임원ㆍ주요주주특정증권등소유상황보고서,임원ㆍ주요주주특정증권등소유상황보고서,20250428000571
뷰노,338220,01344202,2025-04-07,임원ㆍ주요주주특정증권등소유상황보고서,임원ㆍ주요주주특정증권등소유상황보고서,20250407003062
뷰노,338220,01344202,2025-03-28,정기주주총회결과,정기주주총회결과,20250328902434
뷰노,338220,01344202,2025-03-20,주요사항보고서(중요한자산양수도결정(기타)),주요사항보고서(중요한자산양수도결정(기타)),20250320000917
뷰노,338220,01344202,2025-03-20,사업보고서 (2024.12),사업보고서 (2024.12),20250320000289
뷰노,338220,01344202,2025-03-20,감사보고서제출,감사보고서제출,20250320900222
셀트리온제약,068760,00541349,2026-02-27,대규모기업집단현황공시[분기별공시(개별회사용)],대규모기업집단현황공시[분기별공시(개별회사용)],20260227006916
셀트리온제약,068760,00541349,2026-02-26,임원ㆍ주요주주특정증권등소유상황보고서,임원ㆍ주요주주특정증권등소유상황보고서,20260226005063
셀트리온제약,068760,00541349,2026-02-19,지급수단별ㆍ지급기간별지급금액및분쟁조정기구에관한사항,지급수단별ㆍ지급기간별지급금액및분쟁조정기구에관한사항,20260219002083
셀트리온제약,068760,00541349,2026-02-13,의결권대리행사권유참고서류,의결권대리행사권유참고서류,20260213000590
셀트리온제약,068760,00541349,2026-02-13,주주총회소집공고,주주총회소집공고,20260213000509
셀트리온제약,068760,00541349,2026-02-12,주주총회소집결의,주주총회소집결의,20260212901489
셀트리온제약,068760,00541349,2026-02-12,주식소각결정,주식소각결정,20260212901494
셀트리온제약,068760,00541349,2026-02-12,수시공시의무관련사항(공정공시),수시공시의무관련사항(공정공시),20260212901492
셀트리온제약,068760,00541349,2026-02-12,공정거래자율준수프로그램운영현황,공정거래자율준수프로그램운영현황,20260212901127
셀트리온제약,068760,00541349,2026-02-05,임원ㆍ주요주주특정증권등소유상황보고서,임원ㆍ주요주주특정증권등소유상황보고서,20260205000433
셀트리온제약,068760,00541349,2026-02-05,영업(잠정)실적(공정공시),영업(잠정)실적(공정공시),20260205900152
셀트리온제약,068760,00541349,2026-02-05,매출액또는손익구조30%(대규모법인은15%)이상변동,매출액또는손익구조30%(대규모법인은15%)이상변동,20260205900149
셀트리온제약,068760,00541349,2026-01-16,[기재정정]주식매수선택권부여에관한신고,[기재정정]주식매수선택권부여에관한신고,20260116000288
셀트리온제약,068760,00541349,2025-12-30,[기재정정]현금ㆍ현물배당결정,[기재정정]현금ㆍ현물배당결정,20251230900608
셀트리온제약,068760,00541349,2025-12-11,공정거래자율준수프로그램운영현황,공정거래자율준수프로그램운영현황,20251211900083
셀트리온제약,068760,00541349,2025-12-11,주주명부폐쇄기간또는기준일설정,주주명부폐쇄기간또는기준일설정,20251211900080
셀트리온제약,068760,00541349,2025-12-11,현금ㆍ현물배당결정,현금ㆍ현물배당결정,20251211900086
셀트리온제약,068760,00541349,2025-12-11,주식배당결정,주식배당결정,20251211900085
셀트리온제약,068760,00541349,2025-12-01,대규모기업집단현황공시[분기별공시(개별회사용)],대규모기업집단현황공시[분기별공시(개별회사용)],20251201000524
셀트리온제약,068760,00541349,2025-11-14,분기보고서 (2025.09),분기보고서 (2025.09),20251114001846
셀트리온제약,068760,00541349,2025-08-29,대규모기업집단현황공시[분기별공시(개별회사용)],대규모기업집단현황공시[분기별공시(개별회사용)],20250829001878
셀트리온제약,068760,00541349,2025-08-14,반기보고서 (2025.06),반기보고서 (2025.06),20250814002822
셀트리온제약,068760,00541349,2025-08-14,지급수단별ㆍ지급기간별지급금액및분쟁조정기구에관한사항,지급수단별ㆍ지급기간별지급금액및분쟁조정기구에관한사항,20250814001429
셀트리온제약,068760,00541349,2025-06-23,[기재정정]대규모기업집단현황공시[연1회공시및1/4분기용(개별회사)],[기재정정]대규모기업집단현황공시[연1회공시및1/4분기용(개별회사)],20250623000322
셀트리온제약,068760,00541349,2025-05-30,대규모기업집단현황공시[연1회공시및1/4분기용(개별회사)],대규모기업집단현황공시[연1회공시및1/4분기용(개별회사)],20250530002086
셀트리온제약,068760,00541349,2025-05-15,분기보고서 (2025.03),분기보고서 (2025.03),20250515001706
셀트리온제약,068760,00541349,2025-05-07,임원ㆍ주요주주특정증권등소유상황보고서,임원ㆍ주요주주특정증권등소유상황보고서,20250507000440
셀트리온제약,068760,00541349,2025-04-10,주식등의대량보유상황보고서(일반),주식등의대량보유상황보고서(일반),20250410002331
셀트리온제약,068760,00541349,2025-04-10,임원ㆍ주요주주특정증권등소유상황보고서,임원ㆍ주요주주특정증권등소유상황보고서,20250410002324
셀트리온제약,068760,00541349,2025-04-04,임원ㆍ주요주주특정증권등소유상황보고서,임원ㆍ주요주주특정증권등소유상황보고서,20250404003613
셀트리온제약,068760,00541349,2025-04-04,임원ㆍ주요주주특정증권등소유상황보고서,임원ㆍ주요주주특정증권등소유상황보고서,20250404003603
셀트리온제약,068760,00541349,2025-04-04,임원ㆍ주요주주특정증권등소유상황보고서,임원ㆍ주요주주특정증권등소유상황보고서,20250404003545
셀트리온제약,068760,00541349,2025-04-04,임원ㆍ주요주주특정증권등소유상황보고서,임원ㆍ주요주주특정증권등소유상황보고서,20250404003519
셀트리온제약,068760,00541349,2025-04-04,임원ㆍ주요주주특정증권등소유상황보고서,임원ㆍ주요주주특정증권등소유상황보고서,20250404003504
셀트리온제약,068760,00541349,2025-04-04,임원ㆍ주요주주특정증권등소유상황보고서,임원ㆍ주요주주특정증권등소유상황보고서,20250404003455
셀트리온제약,068760,00541349,2025-04-04,임원ㆍ주요주주특정증권등소유상황보고서,임원ㆍ주요주주특정증권등소유상황보고서,20250404003435
셀트리온제약,068760,00541349,2025-04-04,임원ㆍ주요주주특정증권등소유상황보고서,임원ㆍ주요주주특정증권등소유상황보고서,20250404003168
셀트리온제약,068760,00541349,2025-04-04,임원ㆍ주요주주특정증권등소유상황보고서,임원ㆍ주요주주특정증권등소유상황보고서,20250404003144
셀트리온제약,068760,00541349,2025-04-04,임원ㆍ주요주주특정증권등소유상황보고서,임원ㆍ주요주주특정증권등소유상황보고서,20250404003119
셀트리온제약,068760,00541349,2025-03-25,주식매수선택권부여에관한신고,주식매수선택권부여에관한신고,20250325000801
셀트리온제약,068760,00541349,2025-03-25,사외이사의선임ㆍ해임또는중도퇴임에관한신고,사외이사의선임ㆍ해임또는중도퇴임에관한신고,20250325000705
셀트리온제약,068760,00541349,2025-03-25,정기주주총회결과,정기주주총회결과,20250325900803
셀트리온제약,068760,00541349,2025-03-24,[기재정정]사업보고서 (2024.12),[기재정정]사업보고서 (2024.12),20250324000587
셀트리온제약,068760,00541349,2025-03-17,사업보고서 (2024.12),사업보고서 (2024.12),20250317000585
셀트리온제약,068760,00541349,2025-03-17,감사보고서제출,감사보고서제출,20250317900557
솔트룩스,304100,01050738,2026-03-12,의결권대리행사권유참고서류,의결권대리행사권유참고서류,20260312000446
솔트룩스,304100,01050738,2026-03-12,주주총회소집공고,주주총회소집공고,20260312000423
솔트룩스,304100,01050738,2026-02-26,주주총회집중일개최사유신고,주주총회집중일개최사유신고,20260226900491
솔트룩스,304100,01050738,2026-02-26,주주총회소집결의,주주총회소집결의,20260226900481
솔트룩스,304100,01050738,2026-02-12,매출액또는손익구조30%(대규모법인은15%)이상변동,매출액또는손익구조30%(대규모법인은15%)이상변동,20260212900863
솔트룩스,304100,01050738,2025-12-15,주주명부폐쇄기간또는기준일설정,주주명부폐쇄기간또는기준일설정,20251215900438
솔트룩스,304100,01050738,2025-11-14,분기보고서 (2025.09),분기보고서 (2025.09),20251114002532
솔트룩스,304100,01050738,2025-11-11,기업설명회(IR)개최,기업설명회(IR)개최,20251111900192
솔트룩스,304100,01050738,2025-09-30,신주인수권행사,신주인수권행사,20250930900606
솔트룩스,304100,01050738,2025-09-05,전환청구권행사,전환청구권행사,20250905900489
솔트룩스,304100,01050738,2025-08-21,주요사항보고서(자기신주인수권부사채매도결정),주요사항보고서(자기신주인수권부사채매도결정),20250821000507
솔트룩스,304100,01050738,2025-08-21,주요사항보고서(자기전환사채매도결정),주요사항보고서(자기전환사채매도결정),20250821000498
솔트룩스,304100,01050738,2025-08-14,반기보고서 (2025.06),반기보고서 (2025.06),20250814001212
솔트룩스,304100,01050738,2025-06-16,주식등의대량보유상황보고서(약식),주식등의대량보유상황보고서(약식),20250616000315
솔트룩스,304100,01050738,2025-05-15,분기보고서 (2025.03),분기보고서 (2025.03),20250515000191
솔트룩스,304100,01050738,2025-04-22,주식등의대량보유상황보고서(약식),주식등의대량보유상황보고서(약식),20250422000333
솔트룩스,304100,01050738,2025-03-27,정기주주총회결과,정기주주총회결과,20250327900707
솔트룩스,304100,01050738,2025-03-19,사업보고서 (2024.12),사업보고서 (2024.12),20250319000507
솔트룩스,304100,01050738,2025-03-19,감사보고서제출,감사보고서제출,20250319900460
알체라,347860,01405451,2026-03-10,주식등의대량보유상황보고서(일반),주식등의대량보유상황보고서(일반),20260310002865
알체라,347860,01405451,2026-03-10,임원ㆍ주요주주특정증권등소유상황보고서,임원ㆍ주요주주특정증권등소유상황보고서,20260310002376
알체라,347860,01405451,2026-03-04,의결권대리행사권유참고서류,의결권대리행사권유참고서류,20260304001183
알체라,347860,01405451,2026-03-04,주주총회소집공고,주주총회소집공고,20260304001169
알체라,347860,01405451,2026-03-04,본점소재지변경,본점소재지변경,20260304900955
알체라,347860,01405451,2026-03-04,주주총회소집결의,주주총회소집결의,20260304900905
알체라,347860,01405451,2026-03-04,임원ㆍ주요주주특정증권등소유상황보고서,임원ㆍ주요주주특정증권등소유상황보고서,20260304000534
알체라,347860,01405451,2026-02-26,매출액또는손익구조30%(대규모법인은15%)이상변동,매출액또는손익구조30%(대규모법인은15%)이상변동,20260226900243
알체라,347860,01405451,2025-12-24,주식등의대량보유상황보고서(일반),주식등의대량보유상황보고서(일반),20251224000268
알체라,347860,01405451,2025-12-08,주주명부폐쇄기간또는기준일설정,주주명부폐쇄기간또는기준일설정,20251208900203
알체라,347860,01405451,2025-11-14,분기보고서 (2025.09),분기보고서 (2025.09),20251114000409
알체라,347860,01405451,2025-11-12,단일판매ㆍ공급계약체결,단일판매ㆍ공급계약체결,20251112900184
알체라,347860,01405451,2025-11-10,본점소재지변경,본점소재지변경,20251110900151
알체라,347860,01405451,2025-10-16,[기재정정]단일판매ㆍ공급계약체결,[기재정정]단일판매ㆍ공급계약체결,20251016900115
알체라,347860,01405451,2025-10-15,단일판매ㆍ공급계약체결,단일판매ㆍ공급계약체결,20251015900569
알체라,347860,01405451,2025-10-13,[기재정정]소송등의제기ㆍ신청(일정금액이상의청구)              (약정금 청구 소송),[기재정정]소송등의제기ㆍ신청(일정금액이상의청구)              (약정금 청구 소송),20251013900245
알체라,347860,01405451,2025-09-24,[기재정정]단일판매ㆍ공급계약체결,[기재정정]단일판매ㆍ공급계약체결,20250924900325
알체라,347860,01405451,2025-08-28,[첨부추가]주요사항보고서(주권관련사채권양도결정),[첨부추가]주요사항보고서(주권관련사채권양도결정),20250828000479
알체라,347860,01405451,2025-08-14,반기보고서 (2025.06),반기보고서 (2025.06),20250814001918
알체라,347860,01405451,2025-08-13,단일판매ㆍ공급계약체결(자율공시),단일판매ㆍ공급계약체결(자율공시),20250813900473
알체라,347860,01405451,2025-06-13,임원ㆍ주요주주특정증권등소유상황보고서,임원ㆍ주요주주특정증권등소유상황보고서,20250612000480
알체라,347860,01405451,2025-05-14,분기보고서 (2025.03),분기보고서 (2025.03),20250514001108
알체라,347860,01405451,2025-05-02,임원ㆍ주요주주특정증권등소유상황보고서,임원ㆍ주요주주특정증권등소유상황보고서,20250502000270
알체라,347860,01405451,2025-04-30,소속부변경,소속부변경,20250430901338
알체라,347860,01405451,2025-04-23,[기재정정]단일판매ㆍ공급계약체결,[기재정정]단일판매ㆍ공급계약체결,20250423900647
알체라,347860,01405451,2025-04-23,[기재정정]단일판매ㆍ공급계약체결,[기재정정]단일판매ㆍ공급계약체결,20250423900586
알체라,347860,01405451,2025-04-23,[기재정정]단일판매ㆍ공급계약체결,[기재정정]단일판매ㆍ공급계약체결,20250423900480
알체라,347860,01405451,2025-04-21,증권발행결과(자율공시)              (제3회차 CB),증권발행결과(자율공시)              (제3회차 CB),20250421900401
알체라,347860,01405451,2025-04-17,주요사항보고서(전환사채권발행결정),주요사항보고서(전환사채권발행결정),20250417000511
알체라,347860,01405451,2025-03-26,주식매수선택권부여에관한신고,주식매수선택권부여에관한신고,20250326000527
알체라,347860,01405451,2025-03-26,정기주주총회결과,정기주주총회결과,20250326900776
알체라,347860,01405451,2025-03-18,소속부변경,소속부변경,20250318900908
알체라,347860,01405451,2025-03-18,사업보고서 (2024.12),사업보고서 (2024.12),20250318000651
알체라,347860,01405451,2025-03-18,감사보고서제출,감사보고서제출,20250318900619
알테오젠,196170,00989619,2026-02-27,매출액또는손익구조30%(대규모법인은15%)이상변동,매출액또는손익구조30%(대규모법인은15%)이상변동,20260227900641
알테오젠,196170,00989619,2026-02-20,기업설명회(IR)개최,기업설명회(IR)개최,20260220900281
알테오젠,196170,00989619,2026-02-11,현금ㆍ현물배당결정,현금ㆍ현물배당결정,20260211900396
알테오젠,196170,00989619,2026-02-02,영업(잠정)실적(공정공시),영업(잠정)실적(공정공시),20260202900398
알테오젠,196170,00989619,2026-01-20,투자판단관련주요경영사항              (인간 히알루로니다제 제품(ALTB4) 독점적 라이선스 계약 체결),투자판단관련주요경영사항              (인간 히알루로니다제 제품(ALTB4) 독점적 라이선스 계약 체결),20260120900306
알테오젠,196170,00989619,2026-01-08,기업설명회(IR)개최,기업설명회(IR)개최,20260108900396
알테오젠,196170,00989619,2025-12-26,대표이사변경,대표이사변경,20251226900529
알테오젠,196170,00989619,2025-12-08,임시주주총회결과,임시주주총회결과,20251208900301
알테오젠,196170,00989619,2025-11-27,투자판단관련주요경영사항              (ALTB4 라이선스 계약 관련 마일스톤 기술료 수령),투자판단관련주요경영사항              (ALTB4 라이선스 계약 관련 마일스톤 기술료 수령),20251127900375
알테오젠,196170,00989619,2025-11-21,의결권대리행사권유참고서류,의결권대리행사권유참고서류,20251121000327
알테오젠,196170,00989619,2025-11-21,주주총회소집공고,주주총회소집공고,20251121000317
알테오젠,196170,00989619,2025-11-14,분기보고서 (2025.09),분기보고서 (2025.09),20251114000465
알테오젠,196170,00989619,2025-11-06,상장폐지승인을위한의안상정결정,상장폐지승인을위한의안상정결정,20251106900183
알테오젠,196170,00989619,2025-11-06,주주명부폐쇄기간또는기준일설정,주주명부폐쇄기간또는기준일설정,20251106900187
알테오젠,196170,00989619,2025-11-06,주주총회소집결의              (임시주주총회),주주총회소집결의              (임시주주총회),20251106900175
알테오젠,196170,00989619,2025-10-10,기업설명회(IR)개최,기업설명회(IR)개최,20251010900149
알테오젠,196170,00989619,2025-10-01,투자판단관련주요경영사항              (ALT-B4 관련 마일스톤 기술료 수령),투자판단관련주요경영사항              (ALT-B4 관련 마일스톤 기술료 수령),20251001900011
알테오젠,196170,00989619,2025-09-10,기업설명회(IR)개최,기업설명회(IR)개최,20250910900174
알테오젠,196170,00989619,2025-08-13,반기보고서 (2025.06),반기보고서 (2025.06),20250813001141
알테오젠,196170,00989619,2025-05-21,임원ㆍ주요주주특정증권등소유상황보고서,임원ㆍ주요주주특정증권등소유상황보고서,20250521000476
알테오젠,196170,00989619,2025-05-13,분기보고서 (2025.03),분기보고서 (2025.03),20250513000785
알테오젠,196170,00989619,2025-04-30,소속부변경,소속부변경,20250430901198
알테오젠,196170,00989619,2025-04-03,주식등의대량보유상황보고서(일반),주식등의대량보유상황보고서(일반),20250403003117
알테오젠,196170,00989619,2025-04-03,타법인주식및출자증권취득결정,타법인주식및출자증권취득결정,20250403900510
알테오젠,196170,00989619,2025-04-03,회사합병결정(종속회사의주요경영사항),회사합병결정(종속회사의주요경영사항),20250403900509
알테오젠,196170,00989619,2025-03-31,주식매수선택권부여에관한신고,주식매수선택권부여에관한신고,20250331003851
알테오젠,196170,00989619,2025-03-31,정기주주총회결과,정기주주총회결과,20250331902289
알테오젠,196170,00989619,2025-03-26,기업설명회(IR)개최,기업설명회(IR)개최,20250326900218
알테오젠,196170,00989619,2025-03-21,사업보고서 (2024.12),사업보고서 (2024.12),20250321000557
알테오젠,196170,00989619,2025-03-21,감사보고서제출,감사보고서제출,20250321900353
알테오젠,196170,00989619,2025-03-17,투자판단관련주요경영사항              (인간 히알루로니다제 원천 기술(ALT-B4) 독점적 라이선스 계약 체결),투자판단관련주요경영사항              (인간 히알루로니다제 원천 기술(ALT-B4) 독점적 라이선스 계약 체결),20250317900376
알테오젠,196170,00989619,2025-03-17,투자판단관련주요경영사항              (인간 히알루로니다제 원천 기술(ALT-B4) 독점적 라이선스 계약 체결),투자판단관련주요경영사항              (인간 히알루로니다제 원천 기술(ALT-B4) 독점적 라이선스 계약 체결),20250317900379
에스피지,058610,00220686,2026-03-11,주주총회소집공고,주주총회소집공고,20260311003162
에스피지,058610,00220686,2026-03-04,주주총회소집결의,주주총회소집결의,20260304900237
에스피지,058610,00220686,2026-03-04,매출액또는손익구조30%(대규모법인은15%)이상변동,매출액또는손익구조30%(대규모법인은15%)이상변동,20260304900235
에스피지,058610,00220686,2026-02-23,주식등의대량보유상황보고서(약식),주식등의대량보유상황보고서(약식),20260223003250
에스피지,058610,00220686,2026-01-13,기업설명회(IR)개최,기업설명회(IR)개최,20260113900067
에스피지,058610,00220686,2025-12-19,임원ㆍ주요주주특정증권등소유상황보고서,임원ㆍ주요주주특정증권등소유상황보고서,20251219000511
에스피지,058610,00220686,2025-12-19,임원ㆍ주요주주특정증권등소유상황보고서,임원ㆍ주요주주특정증권등소유상황보고서,20251219000505
에스피지,058610,00220686,2025-12-19,임원ㆍ주요주주특정증권등소유상황보고서,임원ㆍ주요주주특정증권등소유상황보고서,20251219000493
에스피지,058610,00220686,2025-12-19,주식등의대량보유상황보고서(일반),주식등의대량보유상황보고서(일반),20251219000489
에스피지,058610,00220686,2025-12-19,현금ㆍ현물배당결정,현금ㆍ현물배당결정,20251219900726
에스피지,058610,00220686,2025-12-09,주주명부폐쇄기간또는기준일설정,주주명부폐쇄기간또는기준일설정,20251209900030
에스피지,058610,00220686,2025-11-14,분기보고서 (2025.09),분기보고서 (2025.09),20251114000069
에스피지,058610,00220686,2025-11-11,연결재무제표기준영업(잠정)실적(공정공시),연결재무제표기준영업(잠정)실적(공정공시),20251111900208
에스피지,058610,00220686,2025-09-17,[기재정정]현금ㆍ현물배당결정              (중간배당),[기재정정]현금ㆍ현물배당결정              (중간배당),20250917900160
에스피지,058610,00220686,2025-09-17,중간(분기)배당을위한주주명부폐쇄(기준일)결정,중간(분기)배당을위한주주명부폐쇄(기준일)결정,20250917900054
에스피지,058610,00220686,2025-09-17,현금ㆍ현물배당결정              (중간배당),현금ㆍ현물배당결정              (중간배당),20250917900042
에스피지,058610,00220686,2025-09-09,임시주주총회결과,임시주주총회결과,20250909900071
에스피지,058610,00220686,2025-08-25,주주총회소집공고,주주총회소집공고,20250825000025
에스피지,058610,00220686,2025-08-14,반기보고서 (2025.06),반기보고서 (2025.06),20250814001627
에스피지,058610,00220686,2025-08-12,연결재무제표기준영업(잠정)실적(공정공시),연결재무제표기준영업(잠정)실적(공정공시),20250812900143
에스피지,058610,00220686,2025-07-29,주주명부폐쇄기간또는기준일설정,주주명부폐쇄기간또는기준일설정,20250729900117
에스피지,058610,00220686,2025-07-29,주주총회소집결의              (임시주주총회),주주총회소집결의              (임시주주총회),20250729900115
에스피지,058610,00220686,2025-06-30,기업설명회(IR)개최,기업설명회(IR)개최,20250630900143
에스피지,058610,00220686,2025-05-15,분기보고서 (2025.03),분기보고서 (2025.03),20250515000104
에스피지,058610,00220686,2025-05-13,연결재무제표기준영업(잠정)실적(공정공시),연결재무제표기준영업(잠정)실적(공정공시),20250513900195
에스피지,058610,00220686,2025-04-25,기업설명회(IR)개최,기업설명회(IR)개최,20250425900267
에스피지,058610,00220686,2025-04-21,기업설명회(IR)개최,기업설명회(IR)개최,20250421900161
에스피지,058610,00220686,2025-04-01,임원ㆍ주요주주특정증권등소유상황보고서,임원ㆍ주요주주특정증권등소유상황보고서,20250401000109
에스피지,058610,00220686,2025-04-01,임원ㆍ주요주주특정증권등소유상황보고서,임원ㆍ주요주주특정증권등소유상황보고서,20250401000097
에스피지,058610,00220686,2025-03-26,사외이사의선임ㆍ해임또는중도퇴임에관한신고,사외이사의선임ㆍ해임또는중도퇴임에관한신고,20250326000427
에스피지,058610,00220686,2025-03-26,정기주주총회결과,정기주주총회결과,20250326900541
에스피지,058610,00220686,2025-03-18,사업보고서 (2024.12),사업보고서 (2024.12),20250318000311
에스피지,058610,00220686,2025-03-18,감사보고서제출,감사보고서제출,20250318900281
에이비엘바이오,298380,01256864,2026-03-12,의결권대리행사권유참고서류,의결권대리행사권유참고서류,20260312000795
에이비엘바이오,298380,01256864,2026-03-12,주주총회소집공고,주주총회소집공고,20260312000773
에이비엘바이오,298380,01256864,2026-03-12,사업보고서 (2025.12),사업보고서 (2025.12),20260312000744
에이비엘바이오,298380,01256864,2026-03-12,주주총회집중일개최사유신고,주주총회집중일개최사유신고,20260312900920
에이비엘바이오,298380,01256864,2026-03-12,주주총회소집결의,주주총회소집결의,20260312900849
에이비엘바이오,298380,01256864,2026-03-11,감사보고서제출,감사보고서제출,20260311902592
에이비엘바이오,298380,01256864,2026-02-11,주식매수선택권행사,주식매수선택권행사,20260211901616
에이비엘바이오,298380,01256864,2026-02-06,매출액또는손익구조30%(대규모법인은15%)이상변동,매출액또는손익구조30%(대규모법인은15%)이상변동,20260206902001
에이비엘바이오,298380,01256864,2026-02-05,주식등의대량보유상황보고서(일반),주식등의대량보유상황보고서(일반),20260205000584
에이비엘바이오,298380,01256864,2026-01-23,기업설명회(IR)개최,기업설명회(IR)개최,20260123900077
에이비엘바이오,298380,01256864,2026-01-16,[기재정정]증권발행결과(자율공시),[기재정정]증권발행결과(자율공시),20260116900786
에이비엘바이오,298380,01256864,2026-01-16,[기재정정]주요사항보고서(유상증자결정),[기재정정]주요사항보고서(유상증자결정),20260116000373
에이비엘바이오,298380,01256864,2026-01-09,증권발행결과(자율공시),증권발행결과(자율공시),20260109900184
에이비엘바이오,298380,01256864,2026-01-09,[기재정정]주요사항보고서(유상증자결정),[기재정정]주요사항보고서(유상증자결정),20260109000199
에이비엘바이오,298380,01256864,2026-01-06,[기재정정]투자판단관련주요경영사항              (GrabodyB 플랫폼 기술이전 및 공동개발 계약 체결),[기재정정]투자판단관련주요경영사항              (GrabodyB 플랫폼 기술이전 및 공동개발 계약 체결),20260106900191
에이비엘바이오,298380,01256864,2026-01-06,기업설명회(IR)개최,기업설명회(IR)개최,20260106900159
에이비엘바이오,298380,01256864,2026-01-05,주식등의대량보유상황보고서(일반),주식등의대량보유상황보고서(일반),20260105000389
에이비엘바이오,298380,01256864,2025-12-26,[기재정정]주요사항보고서(유상증자결정),[기재정정]주요사항보고서(유상증자결정),20251226000159
에이비엘바이오,298380,01256864,2025-12-12,주주명부폐쇄기간또는기준일설정,주주명부폐쇄기간또는기준일설정,20251212900934
에이비엘바이오,298380,01256864,2025-12-05,주식등의대량보유상황보고서(일반),주식등의대량보유상황보고서(일반),20251205000487
에이비엘바이오,298380,01256864,2025-11-14,주요사항보고서(유상증자결정),주요사항보고서(유상증자결정),20251114000642
에이비엘바이오,298380,01256864,2025-11-13,기업설명회(IR)개최,기업설명회(IR)개최,20251113900481
에이비엘바이오,298380,01256864,2025-11-13,기업설명회(IR)개최,기업설명회(IR)개최,20251113900478
에이비엘바이오,298380,01256864,2025-11-13,기업설명회(IR)개최,기업설명회(IR)개최,20251113900477
에이비엘바이오,298380,01256864,2025-11-12,투자판단관련주요경영사항              (Grabody-B 플랫폼 기술이전 및 공동개발 계약 체결),투자판단관련주요경영사항              (Grabody-B 플랫폼 기술이전 및 공동개발 계약 체결),20251112900144
에이비엘바이오,298380,01256864,2025-11-11,분기보고서 (2025.09),분기보고서 (2025.09),20251111000265
에이비엘바이오,298380,01256864,2025-11-11,주식등의대량보유상황보고서(일반),주식등의대량보유상황보고서(일반),20251111000257
에이비엘바이오,298380,01256864,2025-10-28,유상증자결정(종속회사의주요경영사항),유상증자결정(종속회사의주요경영사항),20251028900630
에이비엘바이오,298380,01256864,2025-10-28,타법인주식및출자증권취득결정,타법인주식및출자증권취득결정,20251028900562
에이비엘바이오,298380,01256864,2025-10-15,[기재정정]유상증자결정(종속회사의주요경영사항),[기재정정]유상증자결정(종속회사의주요경영사항),20251015900653
에이비엘바이오,298380,01256864,2025-10-15,[기재정정]타법인주식및출자증권취득결정,[기재정정]타법인주식및출자증권취득결정,20251015900644
에이비엘바이오,298380,01256864,2025-10-02,주식등의대량보유상황보고서(일반),주식등의대량보유상황보고서(일반),20251002000515
에이비엘바이오,298380,01256864,2025-09-26,유상증자결정(종속회사의주요경영사항),유상증자결정(종속회사의주요경영사항),20250926900568
에이비엘바이오,298380,01256864,2025-09-26,타법인주식및출자증권취득결정,타법인주식및출자증권취득결정,20250926900512
에이비엘바이오,298380,01256864,2025-09-09,임원ㆍ주요주주특정증권등소유상황보고서,임원ㆍ주요주주특정증권등소유상황보고서,20250909000294
에이비엘바이오,298380,01256864,2025-09-09,임원ㆍ주요주주특정증권등소유상황보고서,임원ㆍ주요주주특정증권등소유상황보고서,20250909000288
에이비엘바이오,298380,01256864,2025-09-09,주식매수선택권행사,주식매수선택권행사,20250909900370
에이비엘바이오,298380,01256864,2025-09-01,투자판단관련주요경영사항(임상시험결과),투자판단관련주요경영사항(임상시험결과),20250901900370
에이비엘바이오,298380,01256864,2025-08-26,주식매수선택권부여에관한신고,주식매수선택권부여에관한신고,20250826000276
에이비엘바이오,298380,01256864,2025-08-12,반기보고서 (2025.06),반기보고서 (2025.06),20250812000653
에이비엘바이오,298380,01256864,2025-08-08,[기재정정]투자판단관련주요경영사항(임상시험계획승인신청등결정)              (이중항체 면역항암제 ABL103의 제1b/2상 임상시험계획 (IND) 승인),[기재정정]투자판단관련주요경영사항(임상시험계획승인신청등결정)              (이중항체 면역항암제 ABL103의 제1b/2상 임상시험계획 (IND) 승인),20250808900406
에이비엘바이오,298380,01256864,2025-07-23,기업설명회(IR)개최,기업설명회(IR)개최,20250723900216
에이비엘바이오,298380,01256864,2025-07-23,기업설명회(IR)개최,기업설명회(IR)개최,20250723900214
에이비엘바이오,298380,01256864,2025-07-23,기업설명회(IR)개최,기업설명회(IR)개최,20250723900213
에이비엘바이오,298380,01256864,2025-07-14,전환주식의전환청구권행사,전환주식의전환청구권행사,20250714900226
에이비엘바이오,298380,01256864,2025-07-09,투자판단관련주요경영사항              (신규 항체-약물 결합체(ADC) 연구개발을 위한 기술도입 계약 해지),투자판단관련주요경영사항              (신규 항체-약물 결합체(ADC) 연구개발을 위한 기술도입 계약 해지),20250709900509
에이비엘바이오,298380,01256864,2025-07-04,주식등의대량보유상황보고서(일반),주식등의대량보유상황보고서(일반),20250704000485
에이비엘바이오,298380,01256864,2025-06-11,[기재정정]투자판단관련주요경영사항(임상시험계획승인신청)              (이중항체 면역항암제 ABL103의 제1b/2상 임상시험계획 (IND) 승인 신청),[기재정정]투자판단관련주요경영사항(임상시험계획승인신청)              (이중항체 면역항암제 ABL103의 제1b/2상 임상시험계획 (IND) 승인 신청),20250611900612
에이비엘바이오,298380,01256864,2025-06-04,[기재정정]투자판단관련주요경영사항(임상시험계획승인신청등결정)              (이중항체 면역항암제 ABL103의 제1b/2상 임상시험계획 (IND) 승인),[기재정정]투자판단관련주요경영사항(임상시험계획승인신청등결정)              (이중항체 면역항암제 ABL103의 제1b/2상 임상시험계획 (IND) 승인),20250604900003
에이비엘바이오,298380,01256864,2025-05-13,분기보고서 (2025.03),분기보고서 (2025.03),20250513000722
에이비엘바이오,298380,01256864,2025-05-12,[기재정정]투자판단관련주요경영사항              (IGF1R 기반 BBB 셔틀 플랫폼 GrabodyB(뇌혈관장벽 투과 기술) 기술이전 계약 체결),[기재정정]투자판단관련주요경영사항              (IGF1R 기반 BBB 셔틀 플랫폼 GrabodyB(뇌혈관장벽 투과 기술) 기술이전 계약 체결),20250512900217
에이비엘바이오,298380,01256864,2025-04-28,본점소재지변경,본점소재지변경,20250428900773
에이비엘바이오,298380,01256864,2025-04-24,투자판단관련주요경영사항(임상시험계획승인신청등결정)              (이중항체 면역항암제 ABL103의 제1b/2상 임상시험계획 (IND) 승인),투자판단관련주요경영사항(임상시험계획승인신청등결정)              (이중항체 면역항암제 ABL103의 제1b/2상 임상시험계획 (IND) 승인),20250424900006
에이비엘바이오,298380,01256864,2025-04-07,투자판단관련주요경영사항              (IGF1R 기반 BBB 셔틀 플랫폼 GrabodyB(뇌혈관장벽 투과 기술) 기술이전 계약 체결),투자판단관련주요경영사항              (IGF1R 기반 BBB 셔틀 플랫폼 GrabodyB(뇌혈관장벽 투과 기술) 기술이전 계약 체결),20250407900004
에이비엘바이오,298380,01256864,2025-04-04,기업설명회(IR)개최,기업설명회(IR)개최,20250404901171
에이비엘바이오,298380,01256864,2025-04-04,기업설명회(IR)개최,기업설명회(IR)개최,20250404901170
에이비엘바이오,298380,01256864,2025-04-04,기업설명회(IR)개최,기업설명회(IR)개최,20250404901168
에이비엘바이오,298380,01256864,2025-04-04,주식등의대량보유상황보고서(일반),주식등의대량보유상황보고서(일반),20250404004101
에이비엘바이오,298380,01256864,2025-03-28,사외이사의선임ㆍ해임또는중도퇴임에관한신고,사외이사의선임ㆍ해임또는중도퇴임에관한신고,20250328001565
에이비엘바이오,298380,01256864,2025-03-28,주식매수선택권부여에관한신고,주식매수선택권부여에관한신고,20250328001540
에이비엘바이오,298380,01256864,2025-03-28,정기주주총회결과,정기주주총회결과,20250328902038
에이비엘바이오,298380,01256864,2025-03-21,[기재정정]투자판단관련주요경영사항(임상시험계획승인신청)              (이중항체 면역항암제 ABL103의 제1b/2상 임상시험계획 (IND) 승인 신청),[기재정정]투자판단관련주요경영사항(임상시험계획승인신청)              (이중항체 면역항암제 ABL103의 제1b/2상 임상시험계획 (IND) 승인 신청),20250321900521
에이비엘바이오,298380,01256864,2025-03-19,투자판단관련주요경영사항(임상시험계획승인신청)              (이중항체 면역항암제 ABL103의 제1b/2상 임상시험계획 (IND) 승인 신청),투자판단관련주요경영사항(임상시험계획승인신청)              (이중항체 면역항암제 ABL103의 제1b/2상 임상시험계획 (IND) 승인 신청),20250319901197
에코앤드림,101360,00619640,2026-03-10,주주총회소집공고,주주총회소집공고,20260310002244
에코앤드림,101360,00619640,2026-03-10,주주총회소집결의,주주총회소집결의,20260310900410
에코앤드림,101360,00619640,2026-02-10,매출액또는손익구조30%(대규모법인은15%)이상변동,매출액또는손익구조30%(대규모법인은15%)이상변동,20260210901110
에코앤드림,101360,00619640,2026-02-03,[기재정정]단기차입금증가결정,[기재정정]단기차입금증가결정,20260203900263
에코앤드림,101360,00619640,2026-02-02,단기차입금증가결정,단기차입금증가결정,20260202902059
에코앤드림,101360,00619640,2026-01-07,임원ㆍ주요주주특정증권등소유상황보고서,임원ㆍ주요주주특정증권등소유상황보고서,20260107000256
에코앤드림,101360,00619640,2025-12-16,주식등의대량보유상황보고서(일반),주식등의대량보유상황보고서(일반),20251216000396
에코앤드림,101360,00619640,2025-12-12,주주명부폐쇄기간또는기준일설정,주주명부폐쇄기간또는기준일설정,20251212900584
에코앤드림,101360,00619640,2025-12-12,[기재정정]주식매수선택권부여에관한신고,[기재정정]주식매수선택권부여에관한신고,20251212000183
에코앤드림,101360,00619640,2025-12-12,[기재정정]단일판매ㆍ공급계약체결,[기재정정]단일판매ㆍ공급계약체결,20251212900367
에코앤드림,101360,00619640,2025-11-12,분기보고서 (2025.09),분기보고서 (2025.09),20251112000017
에코앤드림,101360,00619640,2025-10-30,단일판매ㆍ공급계약체결,단일판매ㆍ공급계약체결,20251030900157
에코앤드림,101360,00619640,2025-09-12,[기재정정]단일판매ㆍ공급계약체결,[기재정정]단일판매ㆍ공급계약체결,20250912900307
에코앤드림,101360,00619640,2025-08-14,반기보고서 (2025.06),반기보고서 (2025.06),20250814003378
에코앤드림,101360,00619640,2025-08-14,[기재정정]사업보고서 (2024.12),[기재정정]사업보고서 (2024.12),20250814003137
에코앤드림,101360,00619640,2025-07-25,단일판매ㆍ공급계약체결,단일판매ㆍ공급계약체결,20250725900384
에코앤드림,101360,00619640,2025-06-23,임원ㆍ주요주주특정증권등소유상황보고서,임원ㆍ주요주주특정증권등소유상황보고서,20250623000224
에코앤드림,101360,00619640,2025-05-30,단기차입금증가결정,단기차입금증가결정,20250530900339
에코앤드림,101360,00619640,2025-05-14,분기보고서 (2025.03),분기보고서 (2025.03),20250514000161
에코앤드림,101360,00619640,2025-04-14,[기재정정]단일판매ㆍ공급계약체결,[기재정정]단일판매ㆍ공급계약체결,20250414900700
에코앤드림,101360,00619640,2025-04-01,주식등의대량보유상황보고서(일반),주식등의대량보유상황보고서(일반),20250401003522
에코앤드림,101360,00619640,2025-03-31,[기재정정]신규시설투자등,[기재정정]신규시설투자등,20250331900927
에코앤드림,101360,00619640,2025-03-26,사외이사의선임ㆍ해임또는중도퇴임에관한신고,사외이사의선임ㆍ해임또는중도퇴임에관한신고,20250326000125
에코앤드림,101360,00619640,2025-03-25,정기주주총회결과,정기주주총회결과,20250325900223
에코앤드림,101360,00619640,2025-03-17,사업보고서 (2024.12),사업보고서 (2024.12),20250317000658
에코앤드림,101360,00619640,2025-03-17,감사보고서제출,감사보고서제출,20250317900487
에코프로,086520,00536541,2026-03-13,감사보고서제출(자회사의 주요경영사항),감사보고서제출(자회사의 주요경영사항),20260313902277
에코프로,086520,00536541,2026-03-13,감사보고서제출(자회사의 주요경영사항),감사보고서제출(자회사의 주요경영사항),20260313901969
에코프로,086520,00536541,2026-03-11,[기재정정]의결권대리행사권유참고서류,[기재정정]의결권대리행사권유참고서류,20260311003392
에코프로,086520,00536541,2026-03-11,[기재정정]주주총회소집공고,[기재정정]주주총회소집공고,20260311003383
에코프로,086520,00536541,2026-03-11,[기재정정]주주총회소집결의,[기재정정]주주총회소집결의,20260311900305
에코프로,086520,00536541,2026-03-09,주식등의대량보유상황보고서(일반),주식등의대량보유상황보고서(일반),20260309001208
에코프로,086520,00536541,2026-02-27,특수관계인에대한자금대여,특수관계인에대한자금대여,20260227005123
에코프로,086520,00536541,2026-02-26,대규모기업집단현황공시[분기별공시(대표회사용)],대규모기업집단현황공시[분기별공시(대표회사용)],20260226003154
에코프로,086520,00536541,2026-02-25,현금ㆍ현물배당을위한주주명부폐쇄(기준일)결정(자회사의 주요경영사항),현금ㆍ현물배당을위한주주명부폐쇄(기준일)결정(자회사의 주요경영사항),20260225902015
에코프로,086520,00536541,2026-02-25,[기재정정]매출액또는손익구조30%(대규모법인은15%)이상변경(자회사의 주요경영사항),[기재정정]매출액또는손익구조30%(대규모법인은15%)이상변경(자회사의 주요경영사항),20260225901744
에코프로,086520,00536541,2026-02-25,현금ㆍ현물배당결정(자회사의 주요경영사항),현금ㆍ현물배당결정(자회사의 주요경영사항),20260225901790
에코프로,086520,00536541,2026-02-25,의결권대리행사권유참고서류,의결권대리행사권유참고서류,20260225000067
에코프로,086520,00536541,2026-02-24,현금ㆍ현물배당결정,현금ㆍ현물배당결정,20260224901335
에코프로,086520,00536541,2026-02-24,주주총회소집결의,주주총회소집결의,20260224901340
에코프로,086520,00536541,2026-02-24,주주총회소집공고,주주총회소집공고,20260224004494
에코프로,086520,00536541,2026-02-24,현금ㆍ현물배당을위한주주명부폐쇄(기준일)결정,현금ㆍ현물배당을위한주주명부폐쇄(기준일)결정,20260224901331
에코프로,086520,00536541,2026-02-24,현금ㆍ현물배당결정(자회사의 주요경영사항),현금ㆍ현물배당결정(자회사의 주요경영사항),20260224901024
에코프로,086520,00536541,2026-02-24,현금ㆍ현물배당을위한주주명부폐쇄(기준일)결정(자회사의 주요경영사항),현금ㆍ현물배당을위한주주명부폐쇄(기준일)결정(자회사의 주요경영사항),20260224900910
에코프로,086520,00536541,2026-02-23,현금ㆍ현물배당결정(자회사의 주요경영사항),현금ㆍ현물배당결정(자회사의 주요경영사항),20260223901256
에코프로,086520,00536541,2026-02-23,현금ㆍ현물배당을위한주주명부폐쇄(기준일)결정(자회사의 주요경영사항),현금ㆍ현물배당을위한주주명부폐쇄(기준일)결정(자회사의 주요경영사항),20260223900935
에코프로,086520,00536541,2026-02-23,주식등의대량보유상황보고서(일반),주식등의대량보유상황보고서(일반),20260223002966
에코프로,086520,00536541,2026-02-23,임원ㆍ주요주주특정증권등소유상황보고서,임원ㆍ주요주주특정증권등소유상황보고서,20260223001468
에코프로,086520,00536541,2026-02-12,지급수단별ㆍ지급기간별지급금액및분쟁조정기구에관한사항,지급수단별ㆍ지급기간별지급금액및분쟁조정기구에관한사항,20260212000656
에코프로,086520,00536541,2026-02-06,주식등의대량보유상황보고서(약식),주식등의대량보유상황보고서(약식),20260206001561
에코프로,086520,00536541,2026-02-05,연결재무제표기준영업(잠정)실적(공정공시),연결재무제표기준영업(잠정)실적(공정공시),20260205900472
에코프로,086520,00536541,2026-02-05,주식등의대량보유상황보고서(일반),주식등의대량보유상황보고서(일반),20260205000237
에코프로,086520,00536541,2026-02-05,매출액또는손익구조30%(대규모법인은15%)이상변동(자회사의 주요경영사항),매출액또는손익구조30%(대규모법인은15%)이상변동(자회사의 주요경영사항),20260205900278
에코프로,086520,00536541,2026-02-04,매출액또는손익구조30%(대규모법인은15%)이상변동,매출액또는손익구조30%(대규모법인은15%)이상변동,20260204900858
에코프로,086520,00536541,2026-02-04,파생상품거래손실발생,파생상품거래손실발생,20260204900852
에코프로,086520,00536541,2026-01-29,주식등의대량보유상황보고서(일반),주식등의대량보유상황보고서(일반),20260129000196
에코프로,086520,00536541,2026-01-28,매출액또는손익구조30%(대규모법인은15%)이상변경(자회사의 주요경영사항),매출액또는손익구조30%(대규모법인은15%)이상변경(자회사의 주요경영사항),20260128900554
에코프로,086520,00536541,2026-01-23,매출액또는손익구조30%(대규모법인은15%)이상변동(자회사의 주요경영사항),매출액또는손익구조30%(대규모법인은15%)이상변동(자회사의 주요경영사항),20260123900725
에코프로,086520,00536541,2026-01-19,주식등의대량보유상황보고서(일반),주식등의대량보유상황보고서(일반),20260119000100
에코프로,086520,00536541,2026-01-16,[기재정정]단일판매ㆍ공급계약체결(자회사의 주요경영사항),[기재정정]단일판매ㆍ공급계약체결(자회사의 주요경영사항),20260116900548
에코프로,086520,00536541,2026-01-12,기업설명회(IR)개최,기업설명회(IR)개최,20260112900497
에코프로,086520,00536541,2026-01-12,결산실적공시예고,결산실적공시예고,20260112900493
에코프로,086520,00536541,2026-01-08,임원ㆍ주요주주특정증권등소유상황보고서,임원ㆍ주요주주특정증권등소유상황보고서,20260108000428
에코프로,086520,00536541,2026-01-07,주식등의대량보유상황보고서(일반),주식등의대량보유상황보고서(일반),20260107000607
에코프로,086520,00536541,2025-12-30,특수관계인에대한자금대여,특수관계인에대한자금대여,20251230000312
에코프로,086520,00536541,2025-12-30,주식등의대량보유상황보고서(일반),주식등의대량보유상황보고서(일반),20251230000181
에코프로,086520,00536541,2025-12-18,주식등의대량보유상황보고서(일반),주식등의대량보유상황보고서(일반),20251218000088
에코프로,086520,00536541,2025-12-16,주주명부폐쇄기간또는기준일설정,주주명부폐쇄기간또는기준일설정,20251216900198
에코프로,086520,00536541,2025-12-11,주식등의대량보유상황보고서(일반),주식등의대량보유상황보고서(일반),20251211000193
에코프로,086520,00536541,2025-12-08,주식등의대량보유상황보고서(일반),주식등의대량보유상황보고서(일반),20251208000092
에코프로,086520,00536541,2025-12-01,주식등의대량보유상황보고서(일반),주식등의대량보유상황보고서(일반),20251201000653
에코프로,086520,00536541,2025-12-01,임원ㆍ주요주주특정증권등소유상황보고서,임원ㆍ주요주주특정증권등소유상황보고서,20251201000614
에코프로,086520,00536541,2025-12-01,자기주식처분결과보고서,자기주식처분결과보고서,20251201000603
에코프로,086520,00536541,2025-11-27,대규모기업집단현황공시[분기별공시(대표회사용)],대규모기업집단현황공시[분기별공시(대표회사용)],20251127000196
에코프로,086520,00536541,2025-11-21,주식등의대량보유상황보고서(일반),주식등의대량보유상황보고서(일반),20251121000123
에코프로,086520,00536541,2025-11-20,주요사항보고서(자기주식처분결정)(자회사의 주요경영사항),주요사항보고서(자기주식처분결정)(자회사의 주요경영사항),20251120900484
에코프로,086520,00536541,2025-11-19,주요사항보고서(자기주식처분결정),주요사항보고서(자기주식처분결정),20251119000172
에코프로,086520,00536541,2025-11-18,주요사항보고서(자기주식처분결정)(자회사의 주요경영사항),주요사항보고서(자기주식처분결정)(자회사의 주요경영사항),20251118900187
에코프로,086520,00536541,2025-11-14,분기보고서 (2025.09),분기보고서 (2025.09),20251114002870
에코프로,086520,00536541,2025-11-13,주식등의대량보유상황보고서(일반),주식등의대량보유상황보고서(일반),20251113000037
에코프로,086520,00536541,2025-11-05,연결재무제표기준영업(잠정)실적(공정공시),연결재무제표기준영업(잠정)실적(공정공시),20251105900111
에코프로,086520,00536541,2025-11-04,주식등의대량보유상황보고서(일반),주식등의대량보유상황보고서(일반),20251104000061
에코프로,086520,00536541,2025-10-28,주식등의대량보유상황보고서(일반),주식등의대량보유상황보고서(일반),20251028000316
에코프로,086520,00536541,2025-10-28,임원ㆍ주요주주특정증권등소유상황보고서,임원ㆍ주요주주특정증권등소유상황보고서,20251028000176
에코프로,086520,00536541,2025-10-28,임원ㆍ주요주주특정증권등소유상황보고서,임원ㆍ주요주주특정증권등소유상황보고서,20251028000167
에코프로,086520,00536541,2025-10-28,임원ㆍ주요주주특정증권등소유상황보고서,임원ㆍ주요주주특정증권등소유상황보고서,20251028000160
에코프로,086520,00536541,2025-10-28,임원ㆍ주요주주특정증권등소유상황보고서,임원ㆍ주요주주특정증권등소유상황보고서,20251028000156
에코프로,086520,00536541,2025-10-28,임원ㆍ주요주주특정증권등소유상황보고서,임원ㆍ주요주주특정증권등소유상황보고서,20251028000155
에코프로,086520,00536541,2025-10-28,임원ㆍ주요주주특정증권등소유상황보고서,임원ㆍ주요주주특정증권등소유상황보고서,20251028000150
에코프로,086520,00536541,2025-10-28,임원ㆍ주요주주특정증권등소유상황보고서,임원ㆍ주요주주특정증권등소유상황보고서,20251028000148
에코프로,086520,00536541,2025-10-28,임원ㆍ주요주주특정증권등소유상황보고서,임원ㆍ주요주주특정증권등소유상황보고서,20251028000141
에코프로,086520,00536541,2025-10-28,임원ㆍ주요주주특정증권등소유상황보고서,임원ㆍ주요주주특정증권등소유상황보고서,20251028000139
에코프로,086520,00536541,2025-10-28,임원ㆍ주요주주특정증권등소유상황보고서,임원ㆍ주요주주특정증권등소유상황보고서,20251028000135
에코프로,086520,00536541,2025-10-24,[기재정정]타법인주식및출자증권처분결정,[기재정정]타법인주식및출자증권처분결정,20251024900638
에코프로,086520,00536541,2025-10-24,[기재정정]특수관계인과의내부거래,[기재정정]특수관계인과의내부거래,20251024000296
에코프로,086520,00536541,2025-10-24,[기재정정]특수관계인과의내부거래,[기재정정]특수관계인과의내부거래,20251024000288
에코프로,086520,00536541,2025-10-23,자기주식처분결과보고서,자기주식처분결과보고서,20251023000227
에코프로,086520,00536541,2025-10-21,주요사항보고서(자기주식처분결정),주요사항보고서(자기주식처분결정),20251021000285
에코프로,086520,00536541,2025-10-20,주요사항보고서(자기주식처분결정)(자회사의 주요경영사항),주요사항보고서(자기주식처분결정)(자회사의 주요경영사항),20251020900570
에코프로,086520,00536541,2025-10-20,주요사항보고서(자기주식처분결정)(자회사의 주요경영사항),주요사항보고서(자기주식처분결정)(자회사의 주요경영사항),20251020900331
에코프로,086520,00536541,2025-10-15,주식등의대량보유상황보고서(일반),주식등의대량보유상황보고서(일반),20251015000147
에코프로,086520,00536541,2025-10-13,기업설명회(IR)개최,기업설명회(IR)개최,20251013900348
에코프로,086520,00536541,2025-10-13,결산실적공시예고,결산실적공시예고,20251013900345
에코프로,086520,00536541,2025-10-02,주식등의대량보유상황보고서(일반),주식등의대량보유상황보고서(일반),20251002000274
에코프로,086520,00536541,2025-09-24,타법인주식및출자증권취득결정,타법인주식및출자증권취득결정,20250924900453
에코프로,086520,00536541,2025-09-24,타법인주식및출자증권처분결정,타법인주식및출자증권처분결정,20250924900449
에코프로,086520,00536541,2025-09-22,[기재정정]단일판매ㆍ공급계약체결(자회사의 주요경영사항),[기재정정]단일판매ㆍ공급계약체결(자회사의 주요경영사항),20250922900506
에코프로,086520,00536541,2025-09-16,[기재정정]금전대여결정(자회사의 주요경영사항),[기재정정]금전대여결정(자회사의 주요경영사항),20250916900110
에코프로,086520,00536541,2025-09-11,[기재정정]타법인주식및출자증권취득결정(자회사의 주요경영사항),[기재정정]타법인주식및출자증권취득결정(자회사의 주요경영사항),20250911900461
에코프로,086520,00536541,2025-09-03,주식등의대량보유상황보고서(일반),주식등의대량보유상황보고서(일반),20250903000324
에코프로,086520,00536541,2025-08-28,대규모기업집단현황공시[분기별공시(대표회사용)],대규모기업집단현황공시[분기별공시(대표회사용)],20250828000627
에코프로,086520,00536541,2025-08-19,주식등의대량보유상황보고서(일반),주식등의대량보유상황보고서(일반),20250819000214
에코프로,086520,00536541,2025-08-14,지속가능경영보고서등관련사항(자율공시),지속가능경영보고서등관련사항(자율공시),20250814902759
에코프로,086520,00536541,2025-08-14,반기보고서 (2025.06),반기보고서 (2025.06),20250814003405
에코프로,086520,00536541,2025-08-13,지급수단별ㆍ지급기간별지급금액및분쟁조정기구에관한사항,지급수단별ㆍ지급기간별지급금액및분쟁조정기구에관한사항,20250813000615
에코프로,086520,00536541,2025-08-06,주식등의대량보유상황보고서(일반),주식등의대량보유상황보고서(일반),20250806000320
에코프로,086520,00536541,2025-08-06,연결재무제표기준영업(잠정)실적(공정공시),연결재무제표기준영업(잠정)실적(공정공시),20250806900045
에코프로,086520,00536541,2025-07-30,[기재정정]주식등의대량보유상황보고서(일반),[기재정정]주식등의대량보유상황보고서(일반),20250730000402
에코프로,086520,00536541,2025-07-30,주식등의대량보유상황보고서(일반),주식등의대량보유상황보고서(일반),20250730000383
에코프로,086520,00536541,2025-07-28,주식등의대량보유상황보고서(일반),주식등의대량보유상황보고서(일반),20250728000343
에코프로,086520,00536541,2025-07-25,[기재정정]금전대여결정(자회사의 주요경영사항),[기재정정]금전대여결정(자회사의 주요경영사항),20250725900688
에코프로,086520,00536541,2025-07-22,[기재정정]대규모기업집단현황공시[연1회공시및1/4분기용(대표회사)],[기재정정]대규모기업집단현황공시[연1회공시및1/4분기용(대표회사)],20250722000169
에코프로,086520,00536541,2025-07-08,기업설명회(IR)개최,기업설명회(IR)개최,20250708900471
에코프로,086520,00536541,2025-07-08,결산실적공시예고,결산실적공시예고,20250708900469
에코프로,086520,00536541,2025-07-04,주식등의대량보유상황보고서(일반),주식등의대량보유상황보고서(일반),20250704000423
에코프로,086520,00536541,2025-06-30,[기재정정]단일판매ㆍ공급계약체결(자회사의 주요경영사항),[기재정정]단일판매ㆍ공급계약체결(자회사의 주요경영사항),20250630900899
에코프로,086520,00536541,2025-06-25,[기재정정]신규시설투자등(자회사의 주요경영사항),[기재정정]신규시설투자등(자회사의 주요경영사항),20250625900536
에코프로,086520,00536541,2025-06-23,주식등의대량보유상황보고서(일반),주식등의대량보유상황보고서(일반),20250623000143
에코프로,086520,00536541,2025-06-17,주식등의대량보유상황보고서(일반),주식등의대량보유상황보고서(일반),20250617000354
에코프로,086520,00536541,2025-06-09,주식등의대량보유상황보고서(일반),주식등의대량보유상황보고서(일반),20250609000205
에코프로,086520,00536541,2025-06-02,[기재정정]단일판매ㆍ공급계약체결(자회사의 주요경영사항),[기재정정]단일판매ㆍ공급계약체결(자회사의 주요경영사항),20250602900183
에코프로,086520,00536541,2025-05-30,주식등의대량보유상황보고서(일반),주식등의대량보유상황보고서(일반),20250530001715
에코프로,086520,00536541,2025-05-30,대규모기업집단현황공시[연1회(동일인용)],대규모기업집단현황공시[연1회(동일인용)],20250530000121
에코프로,086520,00536541,2025-05-29,대규모기업집단현황공시[연1회공시및1/4분기용(대표회사)],대규모기업집단현황공시[연1회공시및1/4분기용(대표회사)],20250529000329
에코프로,086520,00536541,2025-05-27,주식등의대량보유상황보고서(일반),주식등의대량보유상황보고서(일반),20250527000327
에코프로,086520,00536541,2025-05-15,주식등의대량보유상황보고서(일반),주식등의대량보유상황보고서(일반),20250515001555
에코프로,086520,00536541,2025-05-15,분기보고서 (2025.03),분기보고서 (2025.03),20250515001533
에코프로,086520,00536541,2025-05-08,주식등의대량보유상황보고서(일반),주식등의대량보유상황보고서(일반),20250508000524
에코프로,086520,00536541,2025-04-30,소속부변경,소속부변경,20250430901241
에코프로,086520,00536541,2025-04-30,영업(잠정)실적(공정공시),영업(잠정)실적(공정공시),20250430900334
에코프로,086520,00536541,2025-04-30,주식등의대량보유상황보고서(일반),주식등의대량보유상황보고서(일반),20250430000350
에코프로,086520,00536541,2025-04-24,주식등의대량보유상황보고서(일반),주식등의대량보유상황보고서(일반),20250424000320
에코프로,086520,00536541,2025-04-21,[기재정정]기업설명회(IR)개최,[기재정정]기업설명회(IR)개최,20250421900578
에코프로,086520,00536541,2025-04-10,임원ㆍ주요주주특정증권등소유상황보고서,임원ㆍ주요주주특정증권등소유상황보고서,20250410001255
에코프로,086520,00536541,2025-04-10,임원ㆍ주요주주특정증권등소유상황보고서,임원ㆍ주요주주특정증권등소유상황보고서,20250410001198
에코프로,086520,00536541,2025-04-10,임원ㆍ주요주주특정증권등소유상황보고서,임원ㆍ주요주주특정증권등소유상황보고서,20250410001181
에코프로,086520,00536541,2025-04-10,임원ㆍ주요주주특정증권등소유상황보고서,임원ㆍ주요주주특정증권등소유상황보고서,20250410000340
에코프로,086520,00536541,2025-04-10,임원ㆍ주요주주특정증권등소유상황보고서,임원ㆍ주요주주특정증권등소유상황보고서,20250410000328
에코프로,086520,00536541,2025-04-10,임원ㆍ주요주주특정증권등소유상황보고서,임원ㆍ주요주주특정증권등소유상황보고서,20250410000314
에코프로,086520,00536541,2025-04-10,임원ㆍ주요주주특정증권등소유상황보고서,임원ㆍ주요주주특정증권등소유상황보고서,20250410000253
에코프로,086520,00536541,2025-04-10,임원ㆍ주요주주특정증권등소유상황보고서,임원ㆍ주요주주특정증권등소유상황보고서,20250410000212
에코프로,086520,00536541,2025-04-10,임원ㆍ주요주주특정증권등소유상황보고서,임원ㆍ주요주주특정증권등소유상황보고서,20250410000197
에코프로,086520,00536541,2025-04-10,임원ㆍ주요주주특정증권등소유상황보고서,임원ㆍ주요주주특정증권등소유상황보고서,20250410000160
에코프로,086520,00536541,2025-04-08,주식등의대량보유상황보고서(일반),주식등의대량보유상황보고서(일반),20250408002860
에코프로,086520,00536541,2025-04-02,기업설명회(IR)개최,기업설명회(IR)개최,20250402900619
에코프로,086520,00536541,2025-04-02,결산실적공시예고,결산실적공시예고,20250402900610
에코프로,086520,00536541,2025-04-01,[기재정정]주식등의대량보유상황보고서(일반),[기재정정]주식등의대량보유상황보고서(일반),20250401003254
에코프로,086520,00536541,2025-03-31,[기재정정]단일판매ㆍ공급계약체결(자회사의 주요경영사항),[기재정정]단일판매ㆍ공급계약체결(자회사의 주요경영사항),20250331903081
에코프로,086520,00536541,2025-03-27,주식등의대량보유상황보고서(일반),주식등의대량보유상황보고서(일반),20250327000735
에코프로,086520,00536541,2025-03-27,자기주식처분결과보고서,자기주식처분결과보고서,20250327000563
에코프로,086520,00536541,2025-03-27,유상증자결정(종속회사의주요경영사항),유상증자결정(종속회사의주요경영사항),20250327900621
에코프로,086520,00536541,2025-03-26,주요사항보고서(유상증자결정)(자회사의 주요경영사항),주요사항보고서(유상증자결정)(자회사의 주요경영사항),20250326902636
에코프로,086520,00536541,2025-03-26,주요사항보고서(자기주식처분결정),주요사항보고서(자기주식처분결정),20250326000701
에코프로,086520,00536541,2025-03-26,주요사항보고서(자기주식처분결정),주요사항보고서(자기주식처분결정),20250326000681
에코프로,086520,00536541,2025-03-26,사외이사의선임ㆍ해임또는중도퇴임에관한신고,사외이사의선임ㆍ해임또는중도퇴임에관한신고,20250326000658
에코프로,086520,00536541,2025-03-26,정기주주총회결과,정기주주총회결과,20250326901083
에코프로,086520,00536541,2025-03-26,교환가액의조정,교환가액의조정,20250326901133
에코프로,086520,00536541,2025-03-18,사업보고서 (2024.12),사업보고서 (2024.12),20250318001116
에코프로,086520,00536541,2025-03-18,감사보고서제출,감사보고서제출,20250318900933
에코프로,086520,00536541,2025-03-17,[첨부정정]감사보고서제출(자회사의 주요경영사항),[첨부정정]감사보고서제출(자회사의 주요경영사항),20250317901231
에코프로,086520,00536541,2025-03-17,감사보고서제출(자회사의 주요경영사항),감사보고서제출(자회사의 주요경영사항),20250317901220
엘앤에프,066970,00398701,2026-03-10,임원ㆍ주요주주특정증권등소유상황보고서,임원ㆍ주요주주특정증권등소유상황보고서,20260310002867
엘앤에프,066970,00398701,2026-03-10,임원ㆍ주요주주특정증권등소유상황보고서,임원ㆍ주요주주특정증권등소유상황보고서,20260310002856
엘앤에프,066970,00398701,2026-03-06,주주총회집중일개최사유신고,주주총회집중일개최사유신고,20260306800385
엘앤에프,066970,00398701,2026-03-06,의결권대리행사권유참고서류,의결권대리행사권유참고서류,20260306000205
엘앤에프,066970,00398701,2026-03-06,주주총회소집공고,주주총회소집공고,20260306000198
엘앤에프,066970,00398701,2026-02-13,자기주식처분결과보고서,자기주식처분결과보고서,20260213000430
엘앤에프,066970,00398701,2026-02-12,주요사항보고서(자기주식처분결정),주요사항보고서(자기주식처분결정),20260212001688
엘앤에프,066970,00398701,2026-02-11,주주총회소집결의,주주총회소집결의,20260211801425
엘앤에프,066970,00398701,2026-02-03,[기재정정]연결재무제표기준영업(잠정)실적(공정공시),[기재정정]연결재무제표기준영업(잠정)실적(공정공시),20260203800248
엘앤에프,066970,00398701,2026-02-02,파생상품거래손실발생,파생상품거래손실발생,20260202802026
엘앤에프,066970,00398701,2026-02-02,매출액또는손익구조30%(대규모법인은15%)이상변경,매출액또는손익구조30%(대규모법인은15%)이상변경,20260202802019
엘앤에프,066970,00398701,2026-02-02,연결재무제표기준영업(잠정)실적(공정공시),연결재무제표기준영업(잠정)실적(공정공시),20260202801934
엘앤에프,066970,00398701,2026-01-28,기업설명회(IR)개최(안내공시),기업설명회(IR)개최(안내공시),20260128800795
엘앤에프,066970,00398701,2026-01-08,임원ㆍ주요주주특정증권등소유상황보고서,임원ㆍ주요주주특정증권등소유상황보고서,20260108000432
엘앤에프,066970,00398701,2026-01-02,주식등의대량보유상황보고서(약식),주식등의대량보유상황보고서(약식),20260102000279
엘앤에프,066970,00398701,2025-12-29,투자판단관련주요경영사항,투자판단관련주요경영사항,20251229800710
엘앤에프,066970,00398701,2025-12-22,대표이사(대표집행임원)변경(안내공시),대표이사(대표집행임원)변경(안내공시),20251222800629
엘앤에프,066970,00398701,2025-12-22,주식등의대량보유상황보고서(일반),주식등의대량보유상황보고서(일반),20251222000066
엘앤에프,066970,00398701,2025-12-16,주주명부폐쇄기간또는기준일설정,주주명부폐쇄기간또는기준일설정,20251216800787
엘앤에프,066970,00398701,2025-12-09,최대주주등소유주식변동신고서,최대주주등소유주식변동신고서,20251209800545
엘앤에프,066970,00398701,2025-12-09,주식등의대량보유상황보고서(일반),주식등의대량보유상황보고서(일반),20251209000351
엘앤에프,066970,00398701,2025-12-09,임원ㆍ주요주주특정증권등소유상황보고서,임원ㆍ주요주주특정증권등소유상황보고서,20251209000347
엘앤에프,066970,00398701,2025-12-09,임원ㆍ주요주주특정증권등소유상황보고서,임원ㆍ주요주주특정증권등소유상황보고서,20251209000342
엘앤에프,066970,00398701,2025-12-09,임원ㆍ주요주주특정증권등소유상황보고서,임원ㆍ주요주주특정증권등소유상황보고서,20251209000337
엘앤에프,066970,00398701,2025-12-09,임원ㆍ주요주주특정증권등소유상황보고서,임원ㆍ주요주주특정증권등소유상황보고서,20251209000332
엘앤에프,066970,00398701,2025-12-05,최대주주등소유주식변동신고서,최대주주등소유주식변동신고서,20251205800162
엘앤에프,066970,00398701,2025-12-05,주식등의대량보유상황보고서(일반),주식등의대량보유상황보고서(일반),20251205000142
엘앤에프,066970,00398701,2025-12-03,자기주식처분결과보고서,자기주식처분결과보고서,20251203000021
엘앤에프,066970,00398701,2025-12-02,주요사항보고서(자기주식처분결정),주요사항보고서(자기주식처분결정),20251202000401
엘앤에프,066970,00398701,2025-12-02,임원ㆍ주요주주특정증권등소유상황보고서,임원ㆍ주요주주특정증권등소유상황보고서,20251202000382
엘앤에프,066970,00398701,2025-11-20,최대주주등소유주식변동신고서,최대주주등소유주식변동신고서,20251120800730
엘앤에프,066970,00398701,2025-11-20,주식등의대량보유상황보고서(일반),주식등의대량보유상황보고서(일반),20251120000552
엘앤에프,066970,00398701,2025-11-14,분기보고서 (2025.09),분기보고서 (2025.09),20251114000795
엘앤에프,066970,00398701,2025-11-13,임원ㆍ주요주주특정증권등소유상황보고서,임원ㆍ주요주주특정증권등소유상황보고서,20251113000649
엘앤에프,066970,00398701,2025-11-05,최대주주등소유주식변동신고서,최대주주등소유주식변동신고서,20251105800596
엘앤에프,066970,00398701,2025-11-05,주식등의대량보유상황보고서(일반),주식등의대량보유상황보고서(일반),20251105000273
엘앤에프,066970,00398701,2025-11-05,임원ㆍ주요주주특정증권등소유상황보고서,임원ㆍ주요주주특정증권등소유상황보고서,20251105000239
엘앤에프,066970,00398701,2025-11-05,임원ㆍ주요주주특정증권등소유상황보고서,임원ㆍ주요주주특정증권등소유상황보고서,20251105000234
엘앤에프,066970,00398701,2025-11-05,임원ㆍ주요주주특정증권등소유상황보고서,임원ㆍ주요주주특정증권등소유상황보고서,20251105000231
엘앤에프,066970,00398701,2025-11-05,임원ㆍ주요주주특정증권등소유상황보고서,임원ㆍ주요주주특정증권등소유상황보고서,20251105000229
엘앤에프,066970,00398701,2025-11-05,임원ㆍ주요주주특정증권등소유상황보고서,임원ㆍ주요주주특정증권등소유상황보고서,20251105000225
엘앤에프,066970,00398701,2025-11-05,임원ㆍ주요주주특정증권등소유상황보고서,임원ㆍ주요주주특정증권등소유상황보고서,20251105000219
엘앤에프,066970,00398701,2025-10-29,연결재무제표기준영업(잠정)실적(공정공시),연결재무제표기준영업(잠정)실적(공정공시),20251029800395
엘앤에프,066970,00398701,2025-10-28,임원ㆍ주요주주특정증권등소유상황보고서,임원ㆍ주요주주특정증권등소유상황보고서,20251028000393
엘앤에프,066970,00398701,2025-10-28,임원ㆍ주요주주특정증권등소유상황보고서,임원ㆍ주요주주특정증권등소유상황보고서,20251028000379
엘앤에프,066970,00398701,2025-10-22,기업설명회(IR)개최(안내공시),기업설명회(IR)개최(안내공시),20251022800310
엘앤에프,066970,00398701,2025-10-21,임원ㆍ주요주주특정증권등소유상황보고서,임원ㆍ주요주주특정증권등소유상황보고서,20251021000394
엘앤에프,066970,00398701,2025-10-21,임원ㆍ주요주주특정증권등소유상황보고서,임원ㆍ주요주주특정증권등소유상황보고서,20251021000392
엘앤에프,066970,00398701,2025-10-21,임원ㆍ주요주주특정증권등소유상황보고서,임원ㆍ주요주주특정증권등소유상황보고서,20251021000389
엘앤에프,066970,00398701,2025-10-21,임원ㆍ주요주주특정증권등소유상황보고서,임원ㆍ주요주주특정증권등소유상황보고서,20251021000384
엘앤에프,066970,00398701,2025-10-21,임원ㆍ주요주주특정증권등소유상황보고서,임원ㆍ주요주주특정증권등소유상황보고서,20251021000382
엘앤에프,066970,00398701,2025-10-21,임원ㆍ주요주주특정증권등소유상황보고서,임원ㆍ주요주주특정증권등소유상황보고서,20251021000373
엘앤에프,066970,00398701,2025-10-21,임원ㆍ주요주주특정증권등소유상황보고서,임원ㆍ주요주주특정증권등소유상황보고서,20251021000370
엘앤에프,066970,00398701,2025-10-21,임원ㆍ주요주주특정증권등소유상황보고서,임원ㆍ주요주주특정증권등소유상황보고서,20251021000362
엘앤에프,066970,00398701,2025-10-21,[기재정정]임원ㆍ주요주주특정증권등소유상황보고서,[기재정정]임원ㆍ주요주주특정증권등소유상황보고서,20251021000359
엘앤에프,066970,00398701,2025-10-21,임원ㆍ주요주주특정증권등소유상황보고서,임원ㆍ주요주주특정증권등소유상황보고서,20251021000356
엘앤에프,066970,00398701,2025-10-20,임원ㆍ주요주주특정증권등소유상황보고서,임원ㆍ주요주주특정증권등소유상황보고서,20251020000246
엘앤에프,066970,00398701,2025-10-20,임원ㆍ주요주주특정증권등소유상황보고서,임원ㆍ주요주주특정증권등소유상황보고서,20251020000240
엘앤에프,066970,00398701,2025-10-14,풍문또는보도에대한해명(미확정),풍문또는보도에대한해명(미확정),20251014800386
엘앤에프,066970,00398701,2025-10-02,주식등의대량보유상황보고서(일반),주식등의대량보유상황보고서(일반),20251002000410
엘앤에프,066970,00398701,2025-10-01,주식등의대량보유상황보고서(약식),주식등의대량보유상황보고서(약식),20251001000238
엘앤에프,066970,00398701,2025-09-30,임원ㆍ주요주주특정증권등소유상황보고서,임원ㆍ주요주주특정증권등소유상황보고서,20250930000743
엘앤에프,066970,00398701,2025-09-17,임원ㆍ주요주주특정증권등소유상황보고서,임원ㆍ주요주주특정증권등소유상황보고서,20250916000338
엘앤에프,066970,00398701,2025-09-17,임원ㆍ주요주주특정증권등소유상황보고서,임원ㆍ주요주주특정증권등소유상황보고서,20250916000337
엘앤에프,066970,00398701,2025-09-17,임원ㆍ주요주주특정증권등소유상황보고서,임원ㆍ주요주주특정증권등소유상황보고서,20250916000336
엘앤에프,066970,00398701,2025-09-17,임원ㆍ주요주주특정증권등소유상황보고서,임원ㆍ주요주주특정증권등소유상황보고서,20250916000335
엘앤에프,066970,00398701,2025-09-17,임원ㆍ주요주주특정증권등소유상황보고서,임원ㆍ주요주주특정증권등소유상황보고서,20250916000334
엘앤에프,066970,00398701,2025-09-17,임원ㆍ주요주주특정증권등소유상황보고서,임원ㆍ주요주주특정증권등소유상황보고서,20250916000333
엘앤에프,066970,00398701,2025-09-17,임원ㆍ주요주주특정증권등소유상황보고서,임원ㆍ주요주주특정증권등소유상황보고서,20250916000332
엘앤에프,066970,00398701,2025-09-17,임원ㆍ주요주주특정증권등소유상황보고서,임원ㆍ주요주주특정증권등소유상황보고서,20250916000331
엘앤에프,066970,00398701,2025-09-17,주식등의대량보유상황보고서(일반),주식등의대량보유상황보고서(일반),20250916000329
엘앤에프,066970,00398701,2025-09-16,임원ㆍ주요주주특정증권등소유상황보고서,임원ㆍ주요주주특정증권등소유상황보고서,20250916000328
엘앤에프,066970,00398701,2025-09-16,임원ㆍ주요주주특정증권등소유상황보고서,임원ㆍ주요주주특정증권등소유상황보고서,20250916000327
엘앤에프,066970,00398701,2025-09-16,임원ㆍ주요주주특정증권등소유상황보고서,임원ㆍ주요주주특정증권등소유상황보고서,20250916000326
엘앤에프,066970,00398701,2025-09-16,임원ㆍ주요주주특정증권등소유상황보고서,임원ㆍ주요주주특정증권등소유상황보고서,20250916000324
엘앤에프,066970,00398701,2025-09-16,임원ㆍ주요주주특정증권등소유상황보고서,임원ㆍ주요주주특정증권등소유상황보고서,20250916000322
엘앤에프,066970,00398701,2025-09-16,임원ㆍ주요주주특정증권등소유상황보고서,임원ㆍ주요주주특정증권등소유상황보고서,20250916000321
엘앤에프,066970,00398701,2025-09-16,임원ㆍ주요주주특정증권등소유상황보고서,임원ㆍ주요주주특정증권등소유상황보고서,20250916000319
엘앤에프,066970,00398701,2025-09-16,임원ㆍ주요주주특정증권등소유상황보고서,임원ㆍ주요주주특정증권등소유상황보고서,20250916000318
엘앤에프,066970,00398701,2025-09-16,임원ㆍ주요주주특정증권등소유상황보고서,임원ㆍ주요주주특정증권등소유상황보고서,20250916000317
엘앤에프,066970,00398701,2025-09-09,임원ㆍ주요주주특정증권등소유상황보고서,임원ㆍ주요주주특정증권등소유상황보고서,20250909000330
엘앤에프,066970,00398701,2025-09-09,증권발행실적보고서,증권발행실적보고서,20250909000325
엘앤에프,066970,00398701,2025-09-09,유상증자또는주식관련사채등의발행결과(자율공시),유상증자또는주식관련사채등의발행결과(자율공시),20250909800395
엘앤에프,066970,00398701,2025-09-08,유상증자또는주식관련사채등의청약결과(자율공시),유상증자또는주식관련사채등의청약결과(자율공시),20250908800205
엘앤에프,066970,00398701,2025-09-03,유상증자또는주식관련사채등의청약결과(자율공시),유상증자또는주식관련사채등의청약결과(자율공시),20250903800170
엘앤에프,066970,00398701,2025-08-28,[기재정정]투자설명서,[기재정정]투자설명서,20250828001440
엘앤에프,066970,00398701,2025-08-28,[발행조건확정]증권신고서(채무증권),[발행조건확정]증권신고서(채무증권),20250828001365
엘앤에프,066970,00398701,2025-08-28,[기재정정]주요사항보고서(신주인수권부사채권발행결정),[기재정정]주요사항보고서(신주인수권부사채권발행결정),20250828001220
엘앤에프,066970,00398701,2025-08-26,주식등의대량보유상황보고서(일반),주식등의대량보유상황보고서(일반),20250826000491
엘앤에프,066970,00398701,2025-08-14,[기재정정]투자설명서,[기재정정]투자설명서,20250814004303
엘앤에프,066970,00398701,2025-08-14,[기재정정]증권신고서(채무증권),[기재정정]증권신고서(채무증권),20250814004274
엘앤에프,066970,00398701,2025-08-14,반기보고서 (2025.06),반기보고서 (2025.06),20250814002485
엘앤에프,066970,00398701,2025-08-01,주식등의대량보유상황보고서(일반),주식등의대량보유상황보고서(일반),20250801000241
엘앤에프,066970,00398701,2025-07-30,연결재무제표기준영업(잠정)실적(공정공시),연결재무제표기준영업(잠정)실적(공정공시),20250730800390
엘앤에프,066970,00398701,2025-07-25,투자설명서,투자설명서,20250725000260
엘앤에프,066970,00398701,2025-07-25,기업설명회(IR)개최(안내공시),기업설명회(IR)개최(안내공시),20250725800145
엘앤에프,066970,00398701,2025-07-15,[기재정정]증권신고서(채무증권),[기재정정]증권신고서(채무증권),20250715000322
엘앤에프,066970,00398701,2025-07-15,[기재정정]주요사항보고서(신주인수권부사채권발행결정),[기재정정]주요사항보고서(신주인수권부사채권발행결정),20250715000217
엘앤에프,066970,00398701,2025-07-15,[기재정정]타법인주식및출자증권취득결정,[기재정정]타법인주식및출자증권취득결정,20250715800172
엘앤에프,066970,00398701,2025-07-10,타법인주식및출자증권취득결정,타법인주식및출자증권취득결정,20250710800477
엘앤에프,066970,00398701,2025-07-08,[기재정정]증권신고서(채무증권),[기재정정]증권신고서(채무증권),20250708000415
엘앤에프,066970,00398701,2025-07-08,[기재정정]주요사항보고서(신주인수권부사채권발행결정),[기재정정]주요사항보고서(신주인수권부사채권발행결정),20250708000309
엘앤에프,066970,00398701,2025-07-02,주식등의대량보유상황보고서(약식),주식등의대량보유상황보고서(약식),20250702000169
엘앤에프,066970,00398701,2025-06-27,[기재정정]증권신고서(채무증권),[기재정정]증권신고서(채무증권),20250627000868
엘앤에프,066970,00398701,2025-06-27,[기재정정]주요사항보고서(신주인수권부사채권발행결정),[기재정정]주요사항보고서(신주인수권부사채권발행결정),20250627000598
엘앤에프,066970,00398701,2025-06-27,지속가능경영보고서등관련사항(자율공시),지속가능경영보고서등관련사항(자율공시),20250627800121
엘앤에프,066970,00398701,2025-06-17,불성실공시법인미지정,불성실공시법인미지정,20250617800447
엘앤에프,066970,00398701,2025-06-16,증권신고서(채무증권),증권신고서(채무증권),20250616000350
엘앤에프,066970,00398701,2025-06-16,주요사항보고서(신주인수권부사채권발행결정),주요사항보고서(신주인수권부사채권발행결정),20250616000290
엘앤에프,066970,00398701,2025-06-16,최대주주등소유주식변동신고서,최대주주등소유주식변동신고서,20250616800291
엘앤에프,066970,00398701,2025-06-16,주식등의대량보유상황보고서(일반),주식등의대량보유상황보고서(일반),20250616000100
엘앤에프,066970,00398701,2025-06-16,임원ㆍ주요주주특정증권등소유상황보고서,임원ㆍ주요주주특정증권등소유상황보고서,20250616000095
엘앤에프,066970,00398701,2025-06-04,주식등의대량보유상황보고서(일반),주식등의대량보유상황보고서(일반),20250604000270
엘앤에프,066970,00398701,2025-05-30,풍문또는보도에대한해명(미확정),풍문또는보도에대한해명(미확정),20250530801407
엘앤에프,066970,00398701,2025-05-30,불성실공시법인지정예고,불성실공시법인지정예고,20250530801250
엘앤에프,066970,00398701,2025-05-30,기업지배구조보고서공시,기업지배구조보고서공시,20250530800381
엘앤에프,066970,00398701,2025-05-29,[기재정정]타법인주식및출자증권취득결정(자율공시),[기재정정]타법인주식및출자증권취득결정(자율공시),20250529800642
엘앤에프,066970,00398701,2025-05-23,[기재정정]타법인주식및출자증권취득결정(자율공시),[기재정정]타법인주식및출자증권취득결정(자율공시),20250523800531
엘앤에프,066970,00398701,2025-05-23,주요사항보고서(자기전환사채만기전취득결정),주요사항보고서(자기전환사채만기전취득결정),20250523000519
엘앤에프,066970,00398701,2025-05-19,최대주주등소유주식변동신고서,최대주주등소유주식변동신고서,20250519800442
엘앤에프,066970,00398701,2025-05-19,주식등의대량보유상황보고서(일반),주식등의대량보유상황보고서(일반),20250519000312
엘앤에프,066970,00398701,2025-05-19,임원ㆍ주요주주특정증권등소유상황보고서,임원ㆍ주요주주특정증권등소유상황보고서,20250519000309
엘앤에프,066970,00398701,2025-05-15,분기보고서 (2025.03),분기보고서 (2025.03),20250515002365
엘앤에프,066970,00398701,2025-05-13,임원ㆍ주요주주특정증권등소유상황보고서,임원ㆍ주요주주특정증권등소유상황보고서,20250513000710
엘앤에프,066970,00398701,2025-04-30,연결재무제표기준영업(잠정)실적(공정공시),연결재무제표기준영업(잠정)실적(공정공시),20250430800635
엘앤에프,066970,00398701,2025-04-18,풍문또는보도에대한해명(미확정),풍문또는보도에대한해명(미확정),20250418800495
엘앤에프,066970,00398701,2025-04-16,기업설명회(IR)개최(안내공시),기업설명회(IR)개최(안내공시),20250416800660
엘앤에프,066970,00398701,2025-04-16,최대주주등소유주식변동신고서,최대주주등소유주식변동신고서,20250416800655
엘앤에프,066970,00398701,2025-04-16,주식등의대량보유상황보고서(일반),주식등의대량보유상황보고서(일반),20250416000477
엘앤에프,066970,00398701,2025-04-16,임원ㆍ주요주주특정증권등소유상황보고서,임원ㆍ주요주주특정증권등소유상황보고서,20250416000471
엘앤에프,066970,00398701,2025-04-10,최대주주등소유주식변동신고서,최대주주등소유주식변동신고서,20250410801157
엘앤에프,066970,00398701,2025-04-10,주식등의대량보유상황보고서(일반),주식등의대량보유상황보고서(일반),20250410003056
엘앤에프,066970,00398701,2025-04-07,임원ㆍ주요주주특정증권등소유상황보고서,임원ㆍ주요주주특정증권등소유상황보고서,20250407004113
엘앤에프,066970,00398701,2025-04-07,임원ㆍ주요주주특정증권등소유상황보고서,임원ㆍ주요주주특정증권등소유상황보고서,20250407004055
엘앤에프,066970,00398701,2025-03-20,타법인주식및출자증권취득결정(자율공시),타법인주식및출자증권취득결정(자율공시),20250320800012
엘앤에프,066970,00398701,2025-03-19,사외이사의선임ㆍ해임또는중도퇴임에관한신고,사외이사의선임ㆍ해임또는중도퇴임에관한신고,20250319001058
엘앤에프,066970,00398701,2025-03-19,정기주주총회결과,정기주주총회결과,20250319801222
오스코텍,039200,00263654,2026-03-13,의결권대리행사권유참고서류,의결권대리행사권유참고서류,20260313001334
오스코텍,039200,00263654,2026-03-13,주주총회소집공고,주주총회소집공고,20260313001314
오스코텍,039200,00263654,2026-03-13,[기재정정]주주총회소집결의,[기재정정]주주총회소집결의,20260313901328
오스코텍,039200,00263654,2026-03-13,주주총회집중일개최사유신고,주주총회집중일개최사유신고,20260313900986
오스코텍,039200,00263654,2026-03-12,주식등의대량보유상황보고서(약식),주식등의대량보유상황보고서(약식),20260312000825
오스코텍,039200,00263654,2026-03-11,주주총회소집결의,주주총회소집결의,20260311902704
오스코텍,039200,00263654,2026-03-11,소송등의제기ㆍ신청(경영권분쟁소송),소송등의제기ㆍ신청(경영권분쟁소송),20260311902705
오스코텍,039200,00263654,2026-03-11,기업설명회(IR)개최,기업설명회(IR)개최,20260311902707
오스코텍,039200,00263654,2026-03-06,소송등의판결ㆍ결정,소송등의판결ㆍ결정,20260306901644
오스코텍,039200,00263654,2026-02-27,매출액또는손익구조30%(대규모법인은15%)이상변동,매출액또는손익구조30%(대규모법인은15%)이상변동,20260227901564
오스코텍,039200,00263654,2026-02-10,소송등의판결ㆍ결정,소송등의판결ㆍ결정,20260210901330
오스코텍,039200,00263654,2026-02-05,최대주주변경,최대주주변경,20260205901059
오스코텍,039200,00263654,2026-01-28,주식등의대량보유상황보고서(약식),주식등의대량보유상황보고서(약식),20260128000217
오스코텍,039200,00263654,2026-01-13,소송등의제기ㆍ신청(경영권분쟁소송)              (주주총회결의효력정지가처분),소송등의제기ㆍ신청(경영권분쟁소송)              (주주총회결의효력정지가처분),20260113900594
오스코텍,039200,00263654,2026-01-12,소송등의제기ㆍ신청(경영권분쟁소송),소송등의제기ㆍ신청(경영권분쟁소송),20260112900603
오스코텍,039200,00263654,2026-01-02,임원ㆍ주요주주특정증권등소유상황보고서,임원ㆍ주요주주특정증권등소유상황보고서,20260102000306
오스코텍,039200,00263654,2026-01-02,주식등의대량보유상황보고서(약식),주식등의대량보유상황보고서(약식),20260102000144
오스코텍,039200,00263654,2025-12-29,기업설명회(IR)개최,기업설명회(IR)개최,20251229900529
오스코텍,039200,00263654,2025-12-16,기업설명회(IR)개최,기업설명회(IR)개최,20251216901825
오스코텍,039200,00263654,2025-12-16,주주명부폐쇄기간또는기준일설정,주주명부폐쇄기간또는기준일설정,20251216901798
오스코텍,039200,00263654,2025-12-16,기타경영사항(자율공시)              (주주총회 결의무효 확인 소송 1심 결과에 대한 항소),기타경영사항(자율공시)              (주주총회 결의무효 확인 소송 1심 결과에 대한 항소),20251216901742
오스코텍,039200,00263654,2025-12-16,투자판단관련주요경영사항              (공동개발사 아델의 알츠하이머 치료 후보물질 ADEL-Y01에 대한 기술실시권 설정 계약 체결),투자판단관련주요경영사항              (공동개발사 아델의 알츠하이머 치료 후보물질 ADEL-Y01에 대한 기술실시권 설정 계약 체결),20251216900173
오스코텍,039200,00263654,2025-12-10,주식등의대량보유상황보고서(약식),주식등의대량보유상황보고서(약식),20251210000513
오스코텍,039200,00263654,2025-12-05,임시주주총회결과,임시주주총회결과,20251205900277
오스코텍,039200,00263654,2025-12-03,소송등의판결ㆍ결정,소송등의판결ㆍ결정,20251203900569
오스코텍,039200,00263654,2025-11-19,기업설명회(IR)개최,기업설명회(IR)개최,20251119900368
오스코텍,039200,00263654,2025-11-18,투자판단관련주요경영사항(임상시험계획승인신청등결정)              (진행성 고형암 치료 후보물질 OCT598 임상1상 한국 식품의약품안전처 임상시험계획(IND) 승인),투자판단관련주요경영사항(임상시험계획승인신청등결정)              (진행성 고형암 치료 후보물질 OCT598 임상1상 한국 식품의약품안전처 임상시험계획(IND) 승인),20251118900478
오스코텍,039200,00263654,2025-11-18,기업설명회(IR)개최,기업설명회(IR)개최,20251118900366
오스코텍,039200,00263654,2025-11-17,기업설명회(IR)개최,기업설명회(IR)개최,20251117900338
오스코텍,039200,00263654,2025-11-13,의결권대리행사권유참고서류,의결권대리행사권유참고서류,20251113000904
오스코텍,039200,00263654,2025-11-13,주주총회소집공고,주주총회소집공고,20251113000678
오스코텍,039200,00263654,2025-11-13,[기재정정]주주총회소집결의              (임시주주총회),[기재정정]주주총회소집결의              (임시주주총회),20251113900599
오스코텍,039200,00263654,2025-11-12,분기보고서 (2025.09),분기보고서 (2025.09),20251112000374
오스코텍,039200,00263654,2025-11-07,주식등의대량보유상황보고서(약식),주식등의대량보유상황보고서(약식),20251107000570
오스코텍,039200,00263654,2025-10-31,투자판단관련주요경영사항              (유한양행의 얀센바이오테크 기술이전 마일스톤 분배),투자판단관련주요경영사항              (유한양행의 얀센바이오테크 기술이전 마일스톤 분배),20251031900836
오스코텍,039200,00263654,2025-10-22,주주명부폐쇄기간또는기준일설정,주주명부폐쇄기간또는기준일설정,20251022900502
오스코텍,039200,00263654,2025-10-22,주주총회소집결의              (임시주주총회),주주총회소집결의              (임시주주총회),20251022900408
오스코텍,039200,00263654,2025-09-29,투자판단관련주요경영사항(임상시험계획승인신청등결정)              (면역성 혈소판감소증(ITP)의 1차 치료법 가능성에 대한 탐색적 2상 연구자 주도 임상시험 IND 승인),투자판단관련주요경영사항(임상시험계획승인신청등결정)              (면역성 혈소판감소증(ITP)의 1차 치료법 가능성에 대한 탐색적 2상 연구자 주도 임상시험 IND 승인),20250929900317
오스코텍,039200,00263654,2025-08-18,기업설명회(IR)개최,기업설명회(IR)개최,20250818900255
오스코텍,039200,00263654,2025-08-14,반기보고서 (2025.06),반기보고서 (2025.06),20250814002320
오스코텍,039200,00263654,2025-07-24,임원ㆍ주요주주특정증권등소유상황보고서,임원ㆍ주요주주특정증권등소유상황보고서,20250724000479
오스코텍,039200,00263654,2025-07-18,투자판단관련주요경영사항(임상시험계획승인신청)              (진행성 고형암 치료 후보물질 OCT598 임상1상 한국 식품의약품안전처 임상시험계획(IND) 제출),투자판단관련주요경영사항(임상시험계획승인신청)              (진행성 고형암 치료 후보물질 OCT598 임상1상 한국 식품의약품안전처 임상시험계획(IND) 제출),20250718900290
오스코텍,039200,00263654,2025-06-20,기업설명회(IR)개최,기업설명회(IR)개최,20250620900316
오스코텍,039200,00263654,2025-06-02,투자판단관련주요경영사항(임상시험계획승인신청등결정)              (진행성 고형암 치료 후보물질 OCT-598 임상1상 임상시험계획(IND) 승인),투자판단관련주요경영사항(임상시험계획승인신청등결정)              (진행성 고형암 치료 후보물질 OCT-598 임상1상 임상시험계획(IND) 승인),20250602900674
오스코텍,039200,00263654,2025-05-30,투자판단관련주요경영사항              (유한양행의 얀센바이오테크 기술이전 마일스톤 분배),투자판단관련주요경영사항              (유한양행의 얀센바이오테크 기술이전 마일스톤 분배),20250530900778
오스코텍,039200,00263654,2025-05-22,기업설명회(IR)개최,기업설명회(IR)개최,20250522900215
오스코텍,039200,00263654,2025-05-14,분기보고서 (2025.03),분기보고서 (2025.03),20250514000991
오스코텍,039200,00263654,2025-05-02,투자판단관련주요경영사항(임상시험계획승인신청)              (진행성 고형암 치료 후보물질 OCT-598 임상1상 임상시험계획(IND) 제출),투자판단관련주요경영사항(임상시험계획승인신청)              (진행성 고형암 치료 후보물질 OCT-598 임상1상 임상시험계획(IND) 제출),20250502900008
오스코텍,039200,00263654,2025-04-23,투자판단관련주요경영사항(임상시험결과)              (AXL 저해제 SKI-G-801 임상 1상 임상시험결과보고서(CSR) 수령),투자판단관련주요경영사항(임상시험결과)              (AXL 저해제 SKI-G-801 임상 1상 임상시험결과보고서(CSR) 수령),20250423900756
오스코텍,039200,00263654,2025-04-18,임원ㆍ주요주주특정증권등소유상황보고서,임원ㆍ주요주주특정증권등소유상황보고서,20250418000582
오스코텍,039200,00263654,2025-04-18,주식등의대량보유상황보고서(일반),주식등의대량보유상황보고서(일반),20250418000572
오스코텍,039200,00263654,2025-04-18,투자판단관련주요경영사항(임상시험계획승인신청)              (면역성 혈소판감소증(ITP)의 1차 치료법 가능성에 대한 탐색적 2상 연구자 주도 임상시험 IND 신청),투자판단관련주요경영사항(임상시험계획승인신청)              (면역성 혈소판감소증(ITP)의 1차 치료법 가능성에 대한 탐색적 2상 연구자 주도 임상시험 IND 신청),20250418900885
오스코텍,039200,00263654,2025-04-14,대표이사변경,대표이사변경,20250414900716
오스코텍,039200,00263654,2025-03-27,대표이사변경,대표이사변경,20250327901834
오스코텍,039200,00263654,2025-03-27,정기주주총회결과,정기주주총회결과,20250327901821
오스코텍,039200,00263654,2025-03-26,소송등의판결ㆍ결정              (검사인 선임),소송등의판결ㆍ결정              (검사인 선임),20250326902440
오스코텍,039200,00263654,2025-03-25,[기재정정]의결권대리행사권유참고서류,[기재정정]의결권대리행사권유참고서류,20250325001100
오스코텍,039200,00263654,2025-03-25,[기재정정]의결권대리행사권유참고서류,[기재정정]의결권대리행사권유참고서류,20250325001099
오스코텍,039200,00263654,2025-03-25,[기재정정]의결권대리행사권유참고서류,[기재정정]의결권대리행사권유참고서류,20250325001096
오스코텍,039200,00263654,2025-03-19,사업보고서 (2024.12),사업보고서 (2024.12),20250319000506
오스코텍,039200,00263654,2025-03-19,감사보고서제출,감사보고서제출,20250319900441
와이즈넛,096250,00351427,2026-03-12,의결권대리행사권유참고서류,의결권대리행사권유참고서류,20260312001209
와이즈넛,096250,00351427,2026-03-11,주주총회소집공고,주주총회소집공고,20260311004311
와이즈넛,096250,00351427,2026-03-10,현금ㆍ현물배당결정,현금ㆍ현물배당결정,20260310901785
와이즈넛,096250,00351427,2026-03-10,주주총회소집결의,주주총회소집결의,20260310901760
와이즈넛,096250,00351427,2026-03-10,임원ㆍ주요주주특정증권등소유상황보고서,임원ㆍ주요주주특정증권등소유상황보고서,20260310003016
와이즈넛,096250,00351427,2026-02-24,기업설명회(IR)개최,기업설명회(IR)개최,20260224901345
와이즈넛,096250,00351427,2026-02-10,임원ㆍ주요주주특정증권등소유상황보고서,임원ㆍ주요주주특정증권등소유상황보고서,20260210000048
와이즈넛,096250,00351427,2026-02-10,임원ㆍ주요주주특정증권등소유상황보고서,임원ㆍ주요주주특정증권등소유상황보고서,20260210000044
와이즈넛,096250,00351427,2026-02-03,매출액또는손익구조30%(대규모법인은15%)이상변동,매출액또는손익구조30%(대규모법인은15%)이상변동,20260203900990
와이즈넛,096250,00351427,2026-02-03,주식등의대량보유상황보고서(약식),주식등의대량보유상황보고서(약식),20260203000073
와이즈넛,096250,00351427,2026-01-30,임원ㆍ주요주주특정증권등소유상황보고서,임원ㆍ주요주주특정증권등소유상황보고서,20260130000563
와이즈넛,096250,00351427,2026-01-23,주식등의대량보유상황보고서(약식),주식등의대량보유상황보고서(약식),20260123000144
와이즈넛,096250,00351427,2025-12-15,주주명부폐쇄기간또는기준일설정,주주명부폐쇄기간또는기준일설정,20251215900469
와이즈넛,096250,00351427,2025-12-10,기업설명회(IR)개최,기업설명회(IR)개최,20251210900609
와이즈넛,096250,00351427,2025-11-14,분기보고서 (2025.09),분기보고서 (2025.09),20251114001672
와이즈넛,096250,00351427,2025-09-16,기업설명회(IR)개최,기업설명회(IR)개최,20250916900149
와이즈넛,096250,00351427,2025-08-19,기업설명회(IR)개최,기업설명회(IR)개최,20250819900248
와이즈넛,096250,00351427,2025-08-14,반기보고서 (2025.06),반기보고서 (2025.06),20250814002835
와이즈넛,096250,00351427,2025-07-07,주식등의대량보유상황보고서(약식),주식등의대량보유상황보고서(약식),20250707000099
와이즈넛,096250,00351427,2025-06-18,임원ㆍ주요주주특정증권등소유상황보고서,임원ㆍ주요주주특정증권등소유상황보고서,20250618000397
와이즈넛,096250,00351427,2025-06-18,주식등의대량보유상황보고서(약식),주식등의대량보유상황보고서(약식),20250618000395
와이즈넛,096250,00351427,2025-05-15,분기보고서 (2025.03),분기보고서 (2025.03),20250515001389
와이즈넛,096250,00351427,2025-04-25,기업설명회(IR)개최,기업설명회(IR)개최,20250425900694
와이즈넛,096250,00351427,2025-04-25,연결재무제표기준영업(잠정)실적(공정공시),연결재무제표기준영업(잠정)실적(공정공시),20250425900681
와이즈넛,096250,00351427,2025-04-22,주식등의대량보유상황보고서(일반),주식등의대량보유상황보고서(일반),20250422000161
와이즈넛,096250,00351427,2025-04-21,[기재정정]임원ㆍ주요주주특정증권등소유상황보고서,[기재정정]임원ㆍ주요주주특정증권등소유상황보고서,20250418000665
와이즈넛,096250,00351427,2025-04-21,[기재정정]임원ㆍ주요주주특정증권등소유상황보고서,[기재정정]임원ㆍ주요주주특정증권등소유상황보고서,20250418000663
와이즈넛,096250,00351427,2025-04-21,[기재정정]임원ㆍ주요주주특정증권등소유상황보고서,[기재정정]임원ㆍ주요주주특정증권등소유상황보고서,20250418000661
와이즈넛,096250,00351427,2025-04-21,임원ㆍ주요주주특정증권등소유상황보고서,임원ㆍ주요주주특정증권등소유상황보고서,20250418000659
와이즈넛,096250,00351427,2025-04-18,임원ㆍ주요주주특정증권등소유상황보고서,임원ㆍ주요주주특정증권등소유상황보고서,20250418000650
와이즈넛,096250,00351427,2025-04-18,임원ㆍ주요주주특정증권등소유상황보고서,임원ㆍ주요주주특정증권등소유상황보고서,20250418000647
와이즈넛,096250,00351427,2025-04-18,임원ㆍ주요주주특정증권등소유상황보고서,임원ㆍ주요주주특정증권등소유상황보고서,20250418000646
와이즈넛,096250,00351427,2025-04-18,임원ㆍ주요주주특정증권등소유상황보고서,임원ㆍ주요주주특정증권등소유상황보고서,20250418000640
와이즈넛,096250,00351427,2025-04-03,연결감사보고서 (2024.12),연결감사보고서 (2024.12),20250403001731
와이즈넛,096250,00351427,2025-04-03,감사보고서 (2024.12),감사보고서 (2024.12),20250403001729
와이즈넛,096250,00351427,2025-03-25,정기주주총회결과,정기주주총회결과,20250325900733
와이즈넛,096250,00351427,2025-03-17,사업보고서 (2024.12),사업보고서 (2024.12),20250317000917
와이즈넛,096250,00351427,2025-03-17,감사보고서제출,감사보고서제출,20250317901194
원익IPS,240810,01135941,2026-03-09,의결권대리행사권유참고서류,의결권대리행사권유참고서류,20260309001631
원익IPS,240810,01135941,2026-03-09,주주총회소집공고,주주총회소집공고,20260309001596
원익IPS,240810,01135941,2026-03-04,주식등의대량보유상황보고서(약식),주식등의대량보유상황보고서(약식),20260304001451
원익IPS,240810,01135941,2026-03-03,주식등의대량보유상황보고서(약식),주식등의대량보유상황보고서(약식),20260303002641
원익IPS,240810,01135941,2026-02-27,대규모기업집단현황공시[분기별공시(개별회사용)],대규모기업집단현황공시[분기별공시(개별회사용)],20260227002139
원익IPS,240810,01135941,2026-02-25,현금ㆍ현물배당결정,현금ㆍ현물배당결정,20260225901172
원익IPS,240810,01135941,2026-02-25,주주총회소집결의,주주총회소집결의,20260225901178
원익IPS,240810,01135941,2026-02-25,연결재무제표기준영업(잠정)실적(공정공시),연결재무제표기준영업(잠정)실적(공정공시),20260225901290
원익IPS,240810,01135941,2026-02-25,매출액또는손익구조30%(대규모법인은15%)이상변동,매출액또는손익구조30%(대규모법인은15%)이상변동,20260225900997
원익IPS,240810,01135941,2026-02-23,임원ㆍ주요주주특정증권등소유상황보고서,임원ㆍ주요주주특정증권등소유상황보고서,20260223000107
원익IPS,240810,01135941,2026-02-13,지급수단별ㆍ지급기간별지급금액및분쟁조정기구에관한사항,지급수단별ㆍ지급기간별지급금액및분쟁조정기구에관한사항,20260213000221
원익IPS,240810,01135941,2026-02-09,결산실적공시예고,결산실적공시예고,20260209900387
원익IPS,240810,01135941,2026-02-03,주식등의대량보유상황보고서(약식),주식등의대량보유상황보고서(약식),20260203000404
원익IPS,240810,01135941,2026-02-02,주식등의대량보유상황보고서(약식),주식등의대량보유상황보고서(약식),20260202001086
원익IPS,240810,01135941,2025-12-24,주식등의대량보유상황보고서(일반),주식등의대량보유상황보고서(일반),20251224000385
원익IPS,240810,01135941,2025-12-24,임원ㆍ주요주주특정증권등소유상황보고서,임원ㆍ주요주주특정증권등소유상황보고서,20251224000033
원익IPS,240810,01135941,2025-12-23,주식등의대량보유상황보고서(약식),주식등의대량보유상황보고서(약식),20251223000687
원익IPS,240810,01135941,2025-12-12,주주명부폐쇄기간또는기준일설정,주주명부폐쇄기간또는기준일설정,20251212900157
원익IPS,240810,01135941,2025-12-01,대규모기업집단현황공시[분기별공시(개별회사용)],대규모기업집단현황공시[분기별공시(개별회사용)],20251201000173
원익IPS,240810,01135941,2025-11-27,[기재정정]주식등의대량보유상황보고서(일반),[기재정정]주식등의대량보유상황보고서(일반),20251127001346
원익IPS,240810,01135941,2025-11-14,주식등의대량보유상황보고서(일반),주식등의대량보유상황보고서(일반),20251114002992
원익IPS,240810,01135941,2025-11-14,분기보고서 (2025.09),분기보고서 (2025.09),20251114000740
원익IPS,240810,01135941,2025-11-10,임원ㆍ주요주주특정증권등소유상황보고서,임원ㆍ주요주주특정증권등소유상황보고서,20251110000013
원익IPS,240810,01135941,2025-11-10,임원ㆍ주요주주특정증권등소유상황보고서,임원ㆍ주요주주특정증권등소유상황보고서,20251110000012
원익IPS,240810,01135941,2025-11-07,연결재무제표기준영업(잠정)실적(공정공시),연결재무제표기준영업(잠정)실적(공정공시),20251107900339
원익IPS,240810,01135941,2025-11-05,수시공시의무관련사항(공정공시)              (2025~2027년 배당 정책),수시공시의무관련사항(공정공시)              (2025~2027년 배당 정책),20251105900220
원익IPS,240810,01135941,2025-10-30,결산실적공시예고,결산실적공시예고,20251030900358
원익IPS,240810,01135941,2025-08-29,대규모기업집단현황공시[분기별공시(개별회사용)],대규모기업집단현황공시[분기별공시(개별회사용)],20250829000362
원익IPS,240810,01135941,2025-08-14,반기보고서 (2025.06),반기보고서 (2025.06),20250814002766
원익IPS,240810,01135941,2025-08-14,지급수단별ㆍ지급기간별지급금액및분쟁조정기구에관한사항,지급수단별ㆍ지급기간별지급금액및분쟁조정기구에관한사항,20250814000634
원익IPS,240810,01135941,2025-08-07,연결재무제표기준영업(잠정)실적(공정공시),연결재무제표기준영업(잠정)실적(공정공시),20250807900187
원익IPS,240810,01135941,2025-07-30,결산실적공시예고,결산실적공시예고,20250730900082
원익IPS,240810,01135941,2025-05-30,대규모기업집단현황공시[연1회공시및1/4분기용(개별회사)],대규모기업집단현황공시[연1회공시및1/4분기용(개별회사)],20250530000374
원익IPS,240810,01135941,2025-05-15,주식등의대량보유상황보고서(일반),주식등의대량보유상황보고서(일반),20250515001729
원익IPS,240810,01135941,2025-05-15,분기보고서 (2025.03),분기보고서 (2025.03),20250515001610
원익IPS,240810,01135941,2025-05-08,연결재무제표기준영업(잠정)실적(공정공시),연결재무제표기준영업(잠정)실적(공정공시),20250508900347
원익IPS,240810,01135941,2025-04-22,결산실적공시예고,결산실적공시예고,20250422900247
원익IPS,240810,01135941,2025-03-28,임원ㆍ주요주주특정증권등소유상황보고서,임원ㆍ주요주주특정증권등소유상황보고서,20250328001058
원익IPS,240810,01135941,2025-03-28,임원ㆍ주요주주특정증권등소유상황보고서,임원ㆍ주요주주특정증권등소유상황보고서,20250328001041
원익IPS,240810,01135941,2025-03-27,사외이사의선임ㆍ해임또는중도퇴임에관한신고,사외이사의선임ㆍ해임또는중도퇴임에관한신고,20250327001176
원익IPS,240810,01135941,2025-03-26,정기주주총회결과,정기주주총회결과,20250326902151
원익IPS,240810,01135941,2025-03-25,[기재정정]사업보고서 (2024.12),[기재정정]사업보고서 (2024.12),20250325000491
원익IPS,240810,01135941,2025-03-18,사업보고서 (2024.12),사업보고서 (2024.12),20250318001440
원익IPS,240810,01135941,2025-03-18,감사보고서제출,감사보고서제출,20250318901741
유일로보틱스,388720,01152586,2026-03-10,주주총회소집공고,주주총회소집공고,20260310002040
유일로보틱스,388720,01152586,2026-02-23,주주총회소집결의,주주총회소집결의,20260223900766
유일로보틱스,388720,01152586,2026-02-19,단일판매ㆍ공급계약체결,단일판매ㆍ공급계약체결,20260219900160
유일로보틱스,388720,01152586,2026-02-10,주식등의대량보유상황보고서(일반),주식등의대량보유상황보고서(일반),20260210000488
유일로보틱스,388720,01152586,2026-02-10,임원ㆍ주요주주특정증권등소유상황보고서,임원ㆍ주요주주특정증권등소유상황보고서,20260210000452
유일로보틱스,388720,01152586,2026-02-10,임원ㆍ주요주주특정증권등소유상황보고서,임원ㆍ주요주주특정증권등소유상황보고서,20260210000425
유일로보틱스,388720,01152586,2026-01-30,임원ㆍ주요주주특정증권등소유상황보고서,임원ㆍ주요주주특정증권등소유상황보고서,20260130000561
유일로보틱스,388720,01152586,2026-01-30,주식등의대량보유상황보고서(일반),주식등의대량보유상황보고서(일반),20260130000533
유일로보틱스,388720,01152586,2026-01-22,매출액또는손익구조30%(대규모법인은15%)이상변동,매출액또는손익구조30%(대규모법인은15%)이상변동,20260122900415
유일로보틱스,388720,01152586,2025-12-19,주식등의대량보유상황보고서(일반),주식등의대량보유상황보고서(일반),20251219000193
유일로보틱스,388720,01152586,2025-12-19,임원ㆍ주요주주특정증권등소유상황보고서,임원ㆍ주요주주특정증권등소유상황보고서,20251219000011
유일로보틱스,388720,01152586,2025-12-19,임원ㆍ주요주주특정증권등소유상황보고서,임원ㆍ주요주주특정증권등소유상황보고서,20251219000004
유일로보틱스,388720,01152586,2025-12-09,주주명부폐쇄기간또는기준일설정,주주명부폐쇄기간또는기준일설정,20251209900297
유일로보틱스,388720,01152586,2025-11-14,분기보고서 (2025.09),분기보고서 (2025.09),20251114001754
유일로보틱스,388720,01152586,2025-11-11,주식등의대량보유상황보고서(일반),주식등의대량보유상황보고서(일반),20251111000335
유일로보틱스,388720,01152586,2025-10-31,임원ㆍ주요주주특정증권등소유상황보고서,임원ㆍ주요주주특정증권등소유상황보고서,20251031000570
유일로보틱스,388720,01152586,2025-10-31,주식등의대량보유상황보고서(일반),주식등의대량보유상황보고서(일반),20251031000556
유일로보틱스,388720,01152586,2025-09-30,임원ㆍ주요주주특정증권등소유상황보고서,임원ㆍ주요주주특정증권등소유상황보고서,20250930000756
유일로보틱스,388720,01152586,2025-09-30,임원ㆍ주요주주특정증권등소유상황보고서,임원ㆍ주요주주특정증권등소유상황보고서,20250930000753
유일로보틱스,388720,01152586,2025-09-30,주식등의대량보유상황보고서(일반),주식등의대량보유상황보고서(일반),20250930000748
유일로보틱스,388720,01152586,2025-09-24,전환청구권행사,전환청구권행사,20250924900391
유일로보틱스,388720,01152586,2025-09-22,임원ㆍ주요주주특정증권등거래계획보고서,임원ㆍ주요주주특정증권등거래계획보고서,20250922000272
유일로보틱스,388720,01152586,2025-09-02,기업설명회(IR)개최,기업설명회(IR)개최,20250902900142
유일로보틱스,388720,01152586,2025-08-14,파생상품거래손실발생,파생상품거래손실발생,20250814901610
유일로보틱스,388720,01152586,2025-08-14,반기보고서 (2025.06),반기보고서 (2025.06),20250814002249
유일로보틱스,388720,01152586,2025-08-07,주식등의대량보유상황보고서(일반),주식등의대량보유상황보고서(일반),20250807000254
유일로보틱스,388720,01152586,2025-07-24,임시주주총회결과,임시주주총회결과,20250724900325
유일로보틱스,388720,01152586,2025-07-09,주주총회소집공고,주주총회소집공고,20250709000343
유일로보틱스,388720,01152586,2025-07-09,[기재정정]주주총회소집결의              (임시주주총회),[기재정정]주주총회소집결의              (임시주주총회),20250709900321
유일로보틱스,388720,01152586,2025-07-07,본점소재지변경,본점소재지변경,20250707900124
유일로보틱스,388720,01152586,2025-06-26,소속부변경,소속부변경,20250626900733
유일로보틱스,388720,01152586,2025-06-16,주주명부폐쇄기간또는기준일설정,주주명부폐쇄기간또는기준일설정,20250616900623
유일로보틱스,388720,01152586,2025-06-16,주주총회소집결의              (임시주주총회),주주총회소집결의              (임시주주총회),20250616900586
유일로보틱스,388720,01152586,2025-06-02,소속부변경,소속부변경,20250602900764
유일로보틱스,388720,01152586,2025-05-23,임원ㆍ주요주주특정증권등거래계획철회보고서,임원ㆍ주요주주특정증권등거래계획철회보고서,20250523000437
유일로보틱스,388720,01152586,2025-05-15,분기보고서 (2025.03),분기보고서 (2025.03),20250515001499
유일로보틱스,388720,01152586,2025-05-14,기업설명회(IR)개최,기업설명회(IR)개최,20250514900238
유일로보틱스,388720,01152586,2025-05-09,임원ㆍ주요주주특정증권등소유상황보고서,임원ㆍ주요주주특정증권등소유상황보고서,20250509000668
유일로보틱스,388720,01152586,2025-05-09,임원ㆍ주요주주특정증권등소유상황보고서,임원ㆍ주요주주특정증권등소유상황보고서,20250509000660
유일로보틱스,388720,01152586,2025-05-09,임원ㆍ주요주주특정증권등소유상황보고서,임원ㆍ주요주주특정증권등소유상황보고서,20250509000642
유일로보틱스,388720,01152586,2025-05-09,임원ㆍ주요주주특정증권등소유상황보고서,임원ㆍ주요주주특정증권등소유상황보고서,20250509000622
유일로보틱스,388720,01152586,2025-05-09,임원ㆍ주요주주특정증권등소유상황보고서,임원ㆍ주요주주특정증권등소유상황보고서,20250509000610
유일로보틱스,388720,01152586,2025-05-09,주식등의대량보유상황보고서(일반),주식등의대량보유상황보고서(일반),20250509000604
유일로보틱스,388720,01152586,2025-04-28,신규시설투자등,신규시설투자등,20250428900420
유일로보틱스,388720,01152586,2025-04-15,주식등의대량보유상황보고서(일반),주식등의대량보유상황보고서(일반),20250415000386
유일로보틱스,388720,01152586,2025-04-15,주식등의대량보유상황보고서(일반),주식등의대량보유상황보고서(일반),20250415000362
유일로보틱스,388720,01152586,2025-04-08,주식등의대량보유상황보고서(일반),주식등의대량보유상황보고서(일반),20250408003358
유일로보틱스,388720,01152586,2025-04-08,주식등의대량보유상황보고서(일반),주식등의대량보유상황보고서(일반),20250408003103
유일로보틱스,388720,01152586,2025-04-01,투자판단관련주요경영사항              (최대주주 변경을 수반하는 콜옵션 조건이 포함된 주주간계약의 체결),투자판단관련주요경영사항              (최대주주 변경을 수반하는 콜옵션 조건이 포함된 주주간계약의 체결),20250401901210
유일로보틱스,388720,01152586,2025-04-01,임원ㆍ주요주주특정증권등거래계획보고서,임원ㆍ주요주주특정증권등거래계획보고서,20250401004099
유일로보틱스,388720,01152586,2025-03-26,정기주주총회결과,정기주주총회결과,20250326900838
유일로보틱스,388720,01152586,2025-03-21,주요사항보고서(제3자의전환사채매수선택권행사),주요사항보고서(제3자의전환사채매수선택권행사),20250321001579
유일로보틱스,388720,01152586,2025-03-18,사업보고서 (2024.12),사업보고서 (2024.12),20250318000225
유일로보틱스,388720,01152586,2025-03-18,감사보고서제출,감사보고서제출,20250318900152
유진테크,084370,00531014,2026-03-11,의결권대리행사권유참고서류,의결권대리행사권유참고서류,20260311003931
유진테크,084370,00531014,2026-03-11,주주총회소집공고,주주총회소집공고,20260311003901
유진테크,084370,00531014,2026-02-27,임원ㆍ주요주주특정증권등소유상황보고서,임원ㆍ주요주주특정증권등소유상황보고서,20260227007377
유진테크,084370,00531014,2026-02-26,주식등의대량보유상황보고서(약식),주식등의대량보유상황보고서(약식),20260226005089
유진테크,084370,00531014,2026-02-24,임원ㆍ주요주주특정증권등소유상황보고서,임원ㆍ주요주주특정증권등소유상황보고서,20260224003093
유진테크,084370,00531014,2026-02-19,[기재정정]주주총회소집결의,[기재정정]주주총회소집결의,20260219900502
유진테크,084370,00531014,2026-02-13,주주총회집중일개최사유신고,주주총회집중일개최사유신고,20260213902142
유진테크,084370,00531014,2026-02-13,주주총회소집결의,주주총회소집결의,20260213902141
유진테크,084370,00531014,2026-02-13,매출액또는손익구조30%(대규모법인은15%)이상변동,매출액또는손익구조30%(대규모법인은15%)이상변동,20260213902140
유진테크,084370,00531014,2026-02-13,현금ㆍ현물배당결정,현금ㆍ현물배당결정,20260213902138
유진테크,084370,00531014,2026-02-13,현금ㆍ현물배당을위한주주명부폐쇄(기준일)결정,현금ㆍ현물배당을위한주주명부폐쇄(기준일)결정,20260213902110
유진테크,084370,00531014,2026-02-06,임원ㆍ주요주주특정증권등소유상황보고서,임원ㆍ주요주주특정증권등소유상황보고서,20260206001989
유진테크,084370,00531014,2026-02-04,임원ㆍ주요주주특정증권등소유상황보고서,임원ㆍ주요주주특정증권등소유상황보고서,20260204000317
유진테크,084370,00531014,2026-02-04,임원ㆍ주요주주특정증권등소유상황보고서,임원ㆍ주요주주특정증권등소유상황보고서,20260204000299
유진테크,084370,00531014,2026-01-27,자기주식처분결과보고서,자기주식처분결과보고서,20260127000309
유진테크,084370,00531014,2026-01-27,임원ㆍ주요주주특정증권등소유상황보고서,임원ㆍ주요주주특정증권등소유상황보고서,20260127000279
유진테크,084370,00531014,2026-01-21,주요사항보고서(자기주식처분결정),주요사항보고서(자기주식처분결정),20260121000411
유진테크,084370,00531014,2026-01-08,임원ㆍ주요주주특정증권등소유상황보고서,임원ㆍ주요주주특정증권등소유상황보고서,20260108000515
유진테크,084370,00531014,2026-01-02,주식등의대량보유상황보고서(약식),주식등의대량보유상황보고서(약식),20260102000292
유진테크,084370,00531014,2025-12-30,주식등의대량보유상황보고서(약식),주식등의대량보유상황보고서(약식),20251230000223
유진테크,084370,00531014,2025-12-16,자기주식처분결과보고서,자기주식처분결과보고서,20251216000302
유진테크,084370,00531014,2025-12-15,[기재정정]타법인주식및출자증권취득결정(자율공시),[기재정정]타법인주식및출자증권취득결정(자율공시),20251215901779
유진테크,084370,00531014,2025-12-15,[기재정정]유상증자결정(자율공시)(종속회사의주요경영사항),[기재정정]유상증자결정(자율공시)(종속회사의주요경영사항),20251215901778
유진테크,084370,00531014,2025-12-11,주요사항보고서(자기주식처분결정),주요사항보고서(자기주식처분결정),20251211000295
유진테크,084370,00531014,2025-12-10,타법인주식및출자증권취득결정(자율공시),타법인주식및출자증권취득결정(자율공시),20251210900700
유진테크,084370,00531014,2025-12-10,유상증자결정(자율공시)(종속회사의주요경영사항),유상증자결정(자율공시)(종속회사의주요경영사항),20251210900687
유진테크,084370,00531014,2025-12-10,주주명부폐쇄기간또는기준일설정,주주명부폐쇄기간또는기준일설정,20251210900339
유진테크,084370,00531014,2025-11-14,분기보고서 (2025.09),분기보고서 (2025.09),20251114001524
유진테크,084370,00531014,2025-11-13,임원ㆍ주요주주특정증권등소유상황보고서,임원ㆍ주요주주특정증권등소유상황보고서,20251113000871
유진테크,084370,00531014,2025-11-13,임원ㆍ주요주주특정증권등소유상황보고서,임원ㆍ주요주주특정증권등소유상황보고서,20251113000861
유진테크,084370,00531014,2025-11-13,임원ㆍ주요주주특정증권등소유상황보고서,임원ㆍ주요주주특정증권등소유상황보고서,20251113000844
유진테크,084370,00531014,2025-11-13,임원ㆍ주요주주특정증권등소유상황보고서,임원ㆍ주요주주특정증권등소유상황보고서,20251113000821
유진테크,084370,00531014,2025-11-13,임원ㆍ주요주주특정증권등소유상황보고서,임원ㆍ주요주주특정증권등소유상황보고서,20251113000806
유진테크,084370,00531014,2025-11-05,임원ㆍ주요주주특정증권등소유상황보고서,임원ㆍ주요주주특정증권등소유상황보고서,20251105000221
유진테크,084370,00531014,2025-11-05,임원ㆍ주요주주특정증권등소유상황보고서,임원ㆍ주요주주특정증권등소유상황보고서,20251105000218
유진테크,084370,00531014,2025-11-05,임원ㆍ주요주주특정증권등소유상황보고서,임원ㆍ주요주주특정증권등소유상황보고서,20251105000213
유진테크,084370,00531014,2025-11-03,임원ㆍ주요주주특정증권등소유상황보고서,임원ㆍ주요주주특정증권등소유상황보고서,20251103000217
유진테크,084370,00531014,2025-11-03,임원ㆍ주요주주특정증권등소유상황보고서,임원ㆍ주요주주특정증권등소유상황보고서,20251103000215
유진테크,084370,00531014,2025-11-03,임원ㆍ주요주주특정증권등소유상황보고서,임원ㆍ주요주주특정증권등소유상황보고서,20251103000211
유진테크,084370,00531014,2025-10-27,임원ㆍ주요주주특정증권등소유상황보고서,임원ㆍ주요주주특정증권등소유상황보고서,20251027000240
유진테크,084370,00531014,2025-10-27,임원ㆍ주요주주특정증권등소유상황보고서,임원ㆍ주요주주특정증권등소유상황보고서,20251027000233
유진테크,084370,00531014,2025-10-27,임원ㆍ주요주주특정증권등소유상황보고서,임원ㆍ주요주주특정증권등소유상황보고서,20251027000230
유진테크,084370,00531014,2025-10-27,임원ㆍ주요주주특정증권등소유상황보고서,임원ㆍ주요주주특정증권등소유상황보고서,20251027000226
유진테크,084370,00531014,2025-10-27,임원ㆍ주요주주특정증권등소유상황보고서,임원ㆍ주요주주특정증권등소유상황보고서,20251027000223
유진테크,084370,00531014,2025-10-27,임원ㆍ주요주주특정증권등소유상황보고서,임원ㆍ주요주주특정증권등소유상황보고서,20251027000216
유진테크,084370,00531014,2025-10-27,임원ㆍ주요주주특정증권등소유상황보고서,임원ㆍ주요주주특정증권등소유상황보고서,20251027000211
유진테크,084370,00531014,2025-10-20,임원ㆍ주요주주특정증권등소유상황보고서,임원ㆍ주요주주특정증권등소유상황보고서,20251020000195
유진테크,084370,00531014,2025-10-20,임원ㆍ주요주주특정증권등소유상황보고서,임원ㆍ주요주주특정증권등소유상황보고서,20251020000187
유진테크,084370,00531014,2025-10-20,임원ㆍ주요주주특정증권등소유상황보고서,임원ㆍ주요주주특정증권등소유상황보고서,20251020000180
유진테크,084370,00531014,2025-10-20,임원ㆍ주요주주특정증권등소유상황보고서,임원ㆍ주요주주특정증권등소유상황보고서,20251020000176
유진테크,084370,00531014,2025-10-20,임원ㆍ주요주주특정증권등소유상황보고서,임원ㆍ주요주주특정증권등소유상황보고서,20251020000169
유진테크,084370,00531014,2025-10-15,임원ㆍ주요주주특정증권등소유상황보고서,임원ㆍ주요주주특정증권등소유상황보고서,20251015000364
유진테크,084370,00531014,2025-10-15,임원ㆍ주요주주특정증권등소유상황보고서,임원ㆍ주요주주특정증권등소유상황보고서,20251015000361
유진테크,084370,00531014,2025-10-15,임원ㆍ주요주주특정증권등소유상황보고서,임원ㆍ주요주주특정증권등소유상황보고서,20251015000357
유진테크,084370,00531014,2025-10-15,임원ㆍ주요주주특정증권등소유상황보고서,임원ㆍ주요주주특정증권등소유상황보고서,20251015000338
유진테크,084370,00531014,2025-10-15,임원ㆍ주요주주특정증권등소유상황보고서,임원ㆍ주요주주특정증권등소유상황보고서,20251015000318
유진테크,084370,00531014,2025-10-01,임원ㆍ주요주주특정증권등소유상황보고서,임원ㆍ주요주주특정증권등소유상황보고서,20251001000614
유진테크,084370,00531014,2025-10-01,임원ㆍ주요주주특정증권등소유상황보고서,임원ㆍ주요주주특정증권등소유상황보고서,20251001000583
유진테크,084370,00531014,2025-10-01,주식등의대량보유상황보고서(약식),주식등의대량보유상황보고서(약식),20251001000240
유진테크,084370,00531014,2025-09-26,임원ㆍ주요주주특정증권등소유상황보고서,임원ㆍ주요주주특정증권등소유상황보고서,20250926000634
유진테크,084370,00531014,2025-09-26,임원ㆍ주요주주특정증권등소유상황보고서,임원ㆍ주요주주특정증권등소유상황보고서,20250926000626
유진테크,084370,00531014,2025-09-26,임원ㆍ주요주주특정증권등소유상황보고서,임원ㆍ주요주주특정증권등소유상황보고서,20250926000618
유진테크,084370,00531014,2025-09-26,임원ㆍ주요주주특정증권등소유상황보고서,임원ㆍ주요주주특정증권등소유상황보고서,20250926000601
유진테크,084370,00531014,2025-09-26,임원ㆍ주요주주특정증권등소유상황보고서,임원ㆍ주요주주특정증권등소유상황보고서,20250926000562
유진테크,084370,00531014,2025-09-26,임원ㆍ주요주주특정증권등소유상황보고서,임원ㆍ주요주주특정증권등소유상황보고서,20250926000547
유진테크,084370,00531014,2025-09-26,임원ㆍ주요주주특정증권등소유상황보고서,임원ㆍ주요주주특정증권등소유상황보고서,20250926000537
유진테크,084370,00531014,2025-09-22,임원ㆍ주요주주특정증권등소유상황보고서,임원ㆍ주요주주특정증권등소유상황보고서,20250922000212
유진테크,084370,00531014,2025-09-22,임원ㆍ주요주주특정증권등소유상황보고서,임원ㆍ주요주주특정증권등소유상황보고서,20250922000208
유진테크,084370,00531014,2025-09-22,임원ㆍ주요주주특정증권등소유상황보고서,임원ㆍ주요주주특정증권등소유상황보고서,20250922000201
유진테크,084370,00531014,2025-09-22,임원ㆍ주요주주특정증권등소유상황보고서,임원ㆍ주요주주특정증권등소유상황보고서,20250922000196
유진테크,084370,00531014,2025-09-22,임원ㆍ주요주주특정증권등소유상황보고서,임원ㆍ주요주주특정증권등소유상황보고서,20250922000186
유진테크,084370,00531014,2025-09-22,임원ㆍ주요주주특정증권등소유상황보고서,임원ㆍ주요주주특정증권등소유상황보고서,20250922000176
유진테크,084370,00531014,2025-09-18,임원ㆍ주요주주특정증권등소유상황보고서,임원ㆍ주요주주특정증권등소유상황보고서,20250918000337
유진테크,084370,00531014,2025-09-18,임원ㆍ주요주주특정증권등소유상황보고서,임원ㆍ주요주주특정증권등소유상황보고서,20250918000333
유진테크,084370,00531014,2025-09-18,임원ㆍ주요주주특정증권등소유상황보고서,임원ㆍ주요주주특정증권등소유상황보고서,20250918000330
유진테크,084370,00531014,2025-09-18,임원ㆍ주요주주특정증권등소유상황보고서,임원ㆍ주요주주특정증권등소유상황보고서,20250918000326
유진테크,084370,00531014,2025-09-18,임원ㆍ주요주주특정증권등소유상황보고서,임원ㆍ주요주주특정증권등소유상황보고서,20250918000320
유진테크,084370,00531014,2025-09-18,임원ㆍ주요주주특정증권등소유상황보고서,임원ㆍ주요주주특정증권등소유상황보고서,20250918000313
유진테크,084370,00531014,2025-09-02,주식등의대량보유상황보고서(약식),주식등의대량보유상황보고서(약식),20250902000025
유진테크,084370,00531014,2025-08-25,임원ㆍ주요주주특정증권등소유상황보고서,임원ㆍ주요주주특정증권등소유상황보고서,20250825000315
유진테크,084370,00531014,2025-08-21,임원ㆍ주요주주특정증권등소유상황보고서,임원ㆍ주요주주특정증권등소유상황보고서,20250821000664
유진테크,084370,00531014,2025-08-21,임원ㆍ주요주주특정증권등소유상황보고서,임원ㆍ주요주주특정증권등소유상황보고서,20250821000647
유진테크,084370,00531014,2025-08-21,자기주식처분결과보고서,자기주식처분결과보고서,20250821000630
유진테크,084370,00531014,2025-08-13,반기보고서 (2025.06),반기보고서 (2025.06),20250813001501
유진테크,084370,00531014,2025-07-23,주요사항보고서(자기주식처분결정),주요사항보고서(자기주식처분결정),20250723000356
유진테크,084370,00531014,2025-07-23,임원ㆍ주요주주특정증권등소유상황보고서,임원ㆍ주요주주특정증권등소유상황보고서,20250723000329
유진테크,084370,00531014,2025-07-23,주요사항보고서(자기주식처분결정),주요사항보고서(자기주식처분결정),20250723000306
유진테크,084370,00531014,2025-07-23,주식등의대량보유상황보고서(약식),주식등의대량보유상황보고서(약식),20250723000009
유진테크,084370,00531014,2025-07-16,주식등의대량보유상황보고서(약식),주식등의대량보유상황보고서(약식),20250716000024
유진테크,084370,00531014,2025-05-29,주식등의대량보유상황보고서(약식),주식등의대량보유상황보고서(약식),20250529000039
유진테크,084370,00531014,2025-05-27,기업설명회(IR)개최,기업설명회(IR)개최,20250527900610
유진테크,084370,00531014,2025-05-14,분기보고서 (2025.03),분기보고서 (2025.03),20250514001229
유진테크,084370,00531014,2025-04-08,자기주식처분결과보고서,자기주식처분결과보고서,20250408002877
유진테크,084370,00531014,2025-04-08,임원ㆍ주요주주특정증권등소유상황보고서,임원ㆍ주요주주특정증권등소유상황보고서,20250408002635
유진테크,084370,00531014,2025-04-08,임원ㆍ주요주주특정증권등소유상황보고서,임원ㆍ주요주주특정증권등소유상황보고서,20250408002533
유진테크,084370,00531014,2025-03-28,정기주주총회결과,정기주주총회결과,20250328901866
유진테크,084370,00531014,2025-03-26,배당락,배당락,20250326902157
유진테크,084370,00531014,2025-03-25,주요사항보고서(자기주식처분결정),주요사항보고서(자기주식처분결정),20250325000950
유진테크,084370,00531014,2025-03-20,사업보고서 (2024.12),사업보고서 (2024.12),20250320000992
유진테크,084370,00531014,2025-03-18,감사보고서제출,감사보고서제출,20250318900440
이오테크닉스,039030,00246417,2026-03-03,주식등의대량보유상황보고서(약식),주식등의대량보유상황보고서(약식),20260303002629
이오테크닉스,039030,00246417,2026-02-09,주식등의대량보유상황보고서(약식),주식등의대량보유상황보고서(약식),20260209000509
이오테크닉스,039030,00246417,2026-01-13,주식등의대량보유상황보고서(약식),주식등의대량보유상황보고서(약식),20260113000488
이오테크닉스,039030,00246417,2026-01-06,주식등의대량보유상황보고서(약식),주식등의대량보유상황보고서(약식),20260106000589
이오테크닉스,039030,00246417,2026-01-05,주식등의대량보유상황보고서(약식),주식등의대량보유상황보고서(약식),20260105000359
이오테크닉스,039030,00246417,2025-12-15,주주명부폐쇄기간또는기준일설정,주주명부폐쇄기간또는기준일설정,20251215901296
이오테크닉스,039030,00246417,2025-11-14,분기보고서 (2025.09),분기보고서 (2025.09),20251114000982
이오테크닉스,039030,00246417,2025-11-12,주식등의대량보유상황보고서(약식),주식등의대량보유상황보고서(약식),20251112000372
이오테크닉스,039030,00246417,2025-08-13,반기보고서 (2025.06),반기보고서 (2025.06),20250813001158
이오테크닉스,039030,00246417,2025-07-18,자기주식처분결과보고서,자기주식처분결과보고서,20250718000372
이오테크닉스,039030,00246417,2025-07-16,[기재정정]주요사항보고서(자기주식처분결정),[기재정정]주요사항보고서(자기주식처분결정),20250716000330
이오테크닉스,039030,00246417,2025-07-15,주요사항보고서(자기주식처분결정),주요사항보고서(자기주식처분결정),20250715000297
이오테크닉스,039030,00246417,2025-06-09,주식등의대량보유상황보고서(약식),주식등의대량보유상황보고서(약식),20250609000030
이오테크닉스,039030,00246417,2025-05-15,분기보고서 (2025.03),분기보고서 (2025.03),20250515001012
이오테크닉스,039030,00246417,2025-03-28,정기주주총회결과,정기주주총회결과,20250328901368
이오테크닉스,039030,00246417,2025-03-20,감사보고서제출,감사보고서제출,20250320901751
이오테크닉스,039030,00246417,2025-03-20,사업보고서 (2024.12),사업보고서 (2024.12),20250320001508
제넥신,095700,00545929,2026-03-11,의결권대리행사권유참고서류,의결권대리행사권유참고서류,20260311003903
제넥신,095700,00545929,2026-03-11,주주총회소집공고,주주총회소집공고,20260311003890
제넥신,095700,00545929,2026-03-11,주식매수선택권부여에관한신고,주식매수선택권부여에관한신고,20260311003878
제넥신,095700,00545929,2026-03-11,주주총회집중일개최사유신고,주주총회집중일개최사유신고,20260311901040
제넥신,095700,00545929,2026-03-11,주주총회소집결의,주주총회소집결의,20260311901030
제넥신,095700,00545929,2026-03-11,사업보고서 (2025.12),사업보고서 (2025.12),20260311003776
제넥신,095700,00545929,2026-03-10,감사보고서제출,감사보고서제출,20260310901833
제넥신,095700,00545929,2026-02-02,매출액또는손익구조30%(대규모법인은15%)이상변동,매출액또는손익구조30%(대규모법인은15%)이상변동,20260202901433
제넥신,095700,00545929,2026-01-07,[기재정정]신규시설투자등,[기재정정]신규시설투자등,20260107900410
제넥신,095700,00545929,2026-01-06,기타시장안내              (연구개발 우수기업 매출액 특례적용 관련),기타시장안내              (연구개발 우수기업 매출액 특례적용 관련),20260106900606
제넥신,095700,00545929,2025-12-12,주주명부폐쇄기간또는기준일설정,주주명부폐쇄기간또는기준일설정,20251212900472
제넥신,095700,00545929,2025-12-09,"투자판단관련주요경영사항(임상시험결과)              (건강한 자원자 코카시안 및 아시아인에서 efepoetin alfa 단회 정맥 투여 후 약동/약력학적 특성, 안전성 및 내약성을 평가하기 위한(GXE4) 1상 임상시험 결과보고서(CSR) 수령)","투자판단관련주요경영사항(임상시험결과)              (건강한 자원자 코카시안 및 아시아인에서 efepoetin alfa 단회 정맥 투여 후 약동/약력학적 특성, 안전성 및 내약성을 평가하기 위한(GXE4) 1상 임상시험 결과보고서(CSR) 수령)",20251209900576
제넥신,095700,00545929,2025-11-13,분기보고서 (2025.09),분기보고서 (2025.09),20251113000561
제넥신,095700,00545929,2025-11-07,[기재정정]소송등의제기ㆍ신청(일정금액이상의청구),[기재정정]소송등의제기ㆍ신청(일정금액이상의청구),20251107900435
제넥신,095700,00545929,2025-10-01,증권발행결과(자율공시),증권발행결과(자율공시),20251001900683
제넥신,095700,00545929,2025-09-24,[기재정정]주요사항보고서(전환사채권발행결정),[기재정정]주요사항보고서(전환사채권발행결정),20250924000208
제넥신,095700,00545929,2025-09-24,주요사항보고서(전환사채권발행결정),주요사항보고서(전환사채권발행결정),20250923000407
제넥신,095700,00545929,2025-09-23,주식매수선택권부여에관한신고,주식매수선택권부여에관한신고,20250923000353
제넥신,095700,00545929,2025-08-20,투자판단관련주요경영사항              (GXI7 관련 마일스톤 기술료 청구),투자판단관련주요경영사항              (GXI7 관련 마일스톤 기술료 청구),20250820900110
제넥신,095700,00545929,2025-08-14,반기보고서 (2025.06),반기보고서 (2025.06),20250814002164
제넥신,095700,00545929,2025-05-14,분기보고서 (2025.03),분기보고서 (2025.03),20250514000538
제넥신,095700,00545929,2025-03-26,대표이사변경,대표이사변경,20250326902746
제넥신,095700,00545929,2025-03-26,사외이사의선임ㆍ해임또는중도퇴임에관한신고,사외이사의선임ㆍ해임또는중도퇴임에관한신고,20250326001285
제넥신,095700,00545929,2025-03-26,주식매수선택권부여에관한신고,주식매수선택권부여에관한신고,20250326001284
제넥신,095700,00545929,2025-03-26,정기주주총회결과,정기주주총회결과,20250326902607
주성엔지니어링,036930,00252135,2026-03-13,감사보고서제출,감사보고서제출,20260313900784
주성엔지니어링,036930,00252135,2026-03-11,임원ㆍ주요주주특정증권등소유상황보고서,임원ㆍ주요주주특정증권등소유상황보고서,20260310003125
주성엔지니어링,036930,00252135,2026-03-10,주식등의대량보유상황보고서(일반),주식등의대량보유상황보고서(일반),20260310003057
주성엔지니어링,036930,00252135,2026-03-09,주식등의대량보유상황보고서(약식),주식등의대량보유상황보고서(약식),20260309001510
주성엔지니어링,036930,00252135,2026-03-06,[기재정정]주주총회소집공고,[기재정정]주주총회소집공고,20260306000542
주성엔지니어링,036930,00252135,2026-03-05,의결권대리행사권유참고서류,의결권대리행사권유참고서류,20260305001574
주성엔지니어링,036930,00252135,2026-03-05,주주총회소집공고,주주총회소집공고,20260305001519
주성엔지니어링,036930,00252135,2026-03-04,주주총회소집결의,주주총회소집결의,20260304901017
주성엔지니어링,036930,00252135,2026-02-10,주식소각결정,주식소각결정,20260210900746
주성엔지니어링,036930,00252135,2026-02-10,현금ㆍ현물배당결정,현금ㆍ현물배당결정,20260210900736
주성엔지니어링,036930,00252135,2026-02-10,매출액또는손익구조30%(대규모법인은15%)이상변동,매출액또는손익구조30%(대규모법인은15%)이상변동,20260210900819
주성엔지니어링,036930,00252135,2026-02-05,주식등의대량보유상황보고서(약식),주식등의대량보유상황보고서(약식),20260205000445
주성엔지니어링,036930,00252135,2026-02-02,임원ㆍ주요주주특정증권등거래계획보고서,임원ㆍ주요주주특정증권등거래계획보고서,20260202001172
주성엔지니어링,036930,00252135,2026-01-02,주식등의대량보유상황보고서(일반),주식등의대량보유상황보고서(일반),20260102000409
주성엔지니어링,036930,00252135,2025-12-15,주주명부폐쇄기간또는기준일설정,주주명부폐쇄기간또는기준일설정,20251215901475
주성엔지니어링,036930,00252135,2025-12-15,주식등의대량보유상황보고서(일반),주식등의대량보유상황보고서(일반),20251215000365
주성엔지니어링,036930,00252135,2025-12-15,임원ㆍ주요주주특정증권등소유상황보고서,임원ㆍ주요주주특정증권등소유상황보고서,20251215000338
주성엔지니어링,036930,00252135,2025-11-12,분기보고서 (2025.09),분기보고서 (2025.09),20251112000542
주성엔지니어링,036930,00252135,2025-11-11,주식등의대량보유상황보고서(일반),주식등의대량보유상황보고서(일반),20251111000316
주성엔지니어링,036930,00252135,2025-11-11,임원ㆍ주요주주특정증권등소유상황보고서,임원ㆍ주요주주특정증권등소유상황보고서,20251111000259
주성엔지니어링,036930,00252135,2025-10-27,연결재무제표기준영업(잠정)실적(공정공시),연결재무제표기준영업(잠정)실적(공정공시),20251027900467
주성엔지니어링,036930,00252135,2025-09-19,대표이사변경,대표이사변경,20250919900586
주성엔지니어링,036930,00252135,2025-08-25,기업설명회(IR)개최,기업설명회(IR)개최,20250825900057
주성엔지니어링,036930,00252135,2025-08-25,기업설명회(IR)개최,기업설명회(IR)개최,20250825900053
주성엔지니어링,036930,00252135,2025-08-25,기업설명회(IR)개최,기업설명회(IR)개최,20250825900050
주성엔지니어링,036930,00252135,2025-08-13,반기보고서 (2025.06),반기보고서 (2025.06),20250813001599
주성엔지니어링,036930,00252135,2025-08-01,임원ㆍ주요주주특정증권등소유상황보고서,임원ㆍ주요주주특정증권등소유상황보고서,20250801000897
주성엔지니어링,036930,00252135,2025-07-30,연결재무제표기준영업(잠정)실적(공정공시),연결재무제표기준영업(잠정)실적(공정공시),20250730900374
주성엔지니어링,036930,00252135,2025-06-30,임원ㆍ주요주주특정증권등소유상황보고서,임원ㆍ주요주주특정증권등소유상황보고서,20250630000448
주성엔지니어링,036930,00252135,2025-06-30,주식등의대량보유상황보고서(일반),주식등의대량보유상황보고서(일반),20250630000409
주성엔지니어링,036930,00252135,2025-06-25,사외이사의선임ㆍ해임또는중도퇴임에관한신고,사외이사의선임ㆍ해임또는중도퇴임에관한신고,20250625000146
주성엔지니어링,036930,00252135,2025-06-09,신규시설투자등,신규시설투자등,20250609900242
주성엔지니어링,036930,00252135,2025-05-15,분기보고서 (2025.03),분기보고서 (2025.03),20250515000989
주성엔지니어링,036930,00252135,2025-05-08,주식등의대량보유상황보고서(일반),주식등의대량보유상황보고서(일반),20250508000667
주성엔지니어링,036930,00252135,2025-05-08,임원ㆍ주요주주특정증권등소유상황보고서,임원ㆍ주요주주특정증권등소유상황보고서,20250508000632
주성엔지니어링,036930,00252135,2025-05-08,임원ㆍ주요주주특정증권등소유상황보고서,임원ㆍ주요주주특정증권등소유상황보고서,20250508000620
주성엔지니어링,036930,00252135,2025-04-30,신탁계약해지결과보고서,신탁계약해지결과보고서,20250430000312
주성엔지니어링,036930,00252135,2025-04-28,대표이사변경,대표이사변경,20250428900402
주성엔지니어링,036930,00252135,2025-04-28,연결재무제표기준영업(잠정)실적(공정공시),연결재무제표기준영업(잠정)실적(공정공시),20250428900231
주성엔지니어링,036930,00252135,2025-03-25,정기주주총회결과,정기주주총회결과,20250325900955
주성엔지니어링,036930,00252135,2025-03-25,사외이사의선임ㆍ해임또는중도퇴임에관한신고,사외이사의선임ㆍ해임또는중도퇴임에관한신고,20250325000820
주성엔지니어링,036930,00252135,2025-03-17,사업보고서 (2024.12),사업보고서 (2024.12),20250317000470
차바이오텍,085660,00525679,2026-03-13,타법인주식및출자증권처분결정(자율공시),타법인주식및출자증권처분결정(자율공시),20260313902098
차바이오텍,085660,00525679,2026-03-11,주식등의대량보유상황보고서(일반),주식등의대량보유상황보고서(일반),20260311004401
차바이오텍,085660,00525679,2026-03-05,주요사항보고서(제3자의전환주식매수선택권행사),주요사항보고서(제3자의전환주식매수선택권행사),20260305001383
차바이오텍,085660,00525679,2026-03-05,주요사항보고서(제3자의신주인수권부사채매수선택권행사),주요사항보고서(제3자의신주인수권부사채매수선택권행사),20260305001375
차바이오텍,085660,00525679,2026-03-05,주요사항보고서(제3자의전환사채매수선택권행사),주요사항보고서(제3자의전환사채매수선택권행사),20260305001364
차바이오텍,085660,00525679,2026-03-05,주식등의대량보유상황보고서(일반),주식등의대량보유상황보고서(일반),20260305001332
차바이오텍,085660,00525679,2026-03-04,대표이사변경,대표이사변경,20260304901191
차바이오텍,085660,00525679,2026-02-27,매출액또는손익구조30%(대규모법인은15%)이상변동,매출액또는손익구조30%(대규모법인은15%)이상변동,20260227901945
차바이오텍,085660,00525679,2026-02-19,전환주식의전환가액조정              (상환전환우선주),전환주식의전환가액조정              (상환전환우선주),20260219901031
차바이오텍,085660,00525679,2026-02-19,신주인수권행사가액의조정,신주인수권행사가액의조정,20260219901029
차바이오텍,085660,00525679,2026-02-19,전환가액의조정,전환가액의조정,20260219901028
차바이오텍,085660,00525679,2026-02-13,주요사항보고서(전환주식매수선택권행사자지정),주요사항보고서(전환주식매수선택권행사자지정),20260213002402
차바이오텍,085660,00525679,2026-02-13,주요사항보고서(신주인수권부사채매수선택권행사자지정),주요사항보고서(신주인수권부사채매수선택권행사자지정),20260213002388
차바이오텍,085660,00525679,2026-02-13,주요사항보고서(전환사채매수선택권행사자지정),주요사항보고서(전환사채매수선택권행사자지정),20260213002375
차바이오텍,085660,00525679,2026-02-10,주식등의대량보유상황보고서(일반),주식등의대량보유상황보고서(일반),20260210000775
차바이오텍,085660,00525679,2026-02-10,임원ㆍ주요주주특정증권등소유상황보고서,임원ㆍ주요주주특정증권등소유상황보고서,20260210000754
차바이오텍,085660,00525679,2026-02-06,주식등의대량보유상황보고서(일반),주식등의대량보유상황보고서(일반),20260206001458
차바이오텍,085660,00525679,2026-02-02,주식등의대량보유상황보고서(일반),주식등의대량보유상황보고서(일반),20260202001121
차바이오텍,085660,00525679,2026-01-30,증권발행결과(자율공시),증권발행결과(자율공시),20260130901090
차바이오텍,085660,00525679,2026-01-23,증권발행결과(자율공시),증권발행결과(자율공시),20260123900679
차바이오텍,085660,00525679,2026-01-16,주요사항보고서(유상증자결정),주요사항보고서(유상증자결정),20260116000153
차바이오텍,085660,00525679,2026-01-14,주요사항보고서(유상증자결정),주요사항보고서(유상증자결정),20260114000359
차바이오텍,085660,00525679,2026-01-13,사외이사의선임ㆍ해임또는중도퇴임에관한신고,사외이사의선임ㆍ해임또는중도퇴임에관한신고,20260113000399
차바이오텍,085660,00525679,2026-01-13,임시주주총회결과,임시주주총회결과,20260113900222
차바이오텍,085660,00525679,2026-01-05,주식등의대량보유상황보고서(일반),주식등의대량보유상황보고서(일반),20260105000345
차바이오텍,085660,00525679,2025-12-29,의결권대리행사권유참고서류,의결권대리행사권유참고서류,20251229000732
차바이오텍,085660,00525679,2025-12-29,주주총회소집공고,주주총회소집공고,20251229000727
차바이오텍,085660,00525679,2025-12-29,[기재정정]주주총회소집결의              (임시주주총회),[기재정정]주주총회소집결의              (임시주주총회),20251229900721
차바이오텍,085660,00525679,2025-12-29,[기재정정]신규시설투자등(자율공시),[기재정정]신규시설투자등(자율공시),20251229900718
차바이오텍,085660,00525679,2025-12-23,증권발행결과(자율공시),증권발행결과(자율공시),20251223900672
차바이오텍,085660,00525679,2025-12-22,주권관련사채권의취득결정,주권관련사채권의취득결정,20251222900684
차바이오텍,085660,00525679,2025-12-18,주식등의대량보유상황보고서(일반),주식등의대량보유상황보고서(일반),20251218000321
차바이오텍,085660,00525679,2025-12-15,주주명부폐쇄기간또는기준일설정,주주명부폐쇄기간또는기준일설정,20251215901088
차바이오텍,085660,00525679,2025-12-05,주식등의대량보유상황보고서(일반),주식등의대량보유상황보고서(일반),20251205000414
차바이오텍,085660,00525679,2025-12-03,[기재정정]주주총회소집결의              (임시주주총회),[기재정정]주주총회소집결의              (임시주주총회),20251203900225
차바이오텍,085660,00525679,2025-12-03,주주명부폐쇄기간또는기준일설정,주주명부폐쇄기간또는기준일설정,20251203900184
차바이오텍,085660,00525679,2025-12-03,주주총회소집결의              (임시주주총회),주주총회소집결의              (임시주주총회),20251203900174
차바이오텍,085660,00525679,2025-11-21,사외이사의선임ㆍ해임또는중도퇴임에관한신고,사외이사의선임ㆍ해임또는중도퇴임에관한신고,20251121000399
차바이오텍,085660,00525679,2025-11-21,[첨부정정]주요사항보고서(유상증자결정),[첨부정정]주요사항보고서(유상증자결정),20251121000374
차바이오텍,085660,00525679,2025-11-19,주요사항보고서(유상증자결정),주요사항보고서(유상증자결정),20251119000292
차바이오텍,085660,00525679,2025-11-13,분기보고서 (2025.09),분기보고서 (2025.09),20251113000449
차바이오텍,085660,00525679,2025-10-30,주식등의대량보유상황보고서(일반),주식등의대량보유상황보고서(일반),20251030000479
차바이오텍,085660,00525679,2025-10-13,주식등의대량보유상황보고서(일반),주식등의대량보유상황보고서(일반),20251013000227
차바이오텍,085660,00525679,2025-09-18,투자판단관련주요경영사항(임상시험결과)              (조기난소부전 환자에서의 CordSTEM-ST의 안전성 및 내약성을 평가하기 위한 임상시험의 임상시험결과보고서(CSR) 수령),투자판단관련주요경영사항(임상시험결과)              (조기난소부전 환자에서의 CordSTEM-ST의 안전성 및 내약성을 평가하기 위한 임상시험의 임상시험결과보고서(CSR) 수령),20250918900172
차바이오텍,085660,00525679,2025-09-08,주식등의대량보유상황보고서(일반),주식등의대량보유상황보고서(일반),20250908000270
차바이오텍,085660,00525679,2025-08-25,주식등의대량보유상황보고서(일반),주식등의대량보유상황보고서(일반),20250825000384
차바이오텍,085660,00525679,2025-08-13,반기보고서 (2025.06),반기보고서 (2025.06),20250813001170
차바이오텍,085660,00525679,2025-08-13,[기재정정]사업보고서 (2024.12),[기재정정]사업보고서 (2024.12),20250813001144
차바이오텍,085660,00525679,2025-08-04,임원ㆍ주요주주특정증권등소유상황보고서,임원ㆍ주요주주특정증권등소유상황보고서,20250804000243
차바이오텍,085660,00525679,2025-07-24,투자판단관련주요경영사항(임상시험결과)              (알츠하이머병 환자에서 CB-AC-02 치료의 안전성과 잠재적 치료효과를 평가하기 위한 임상시험의 최종결과보고서(CSR) 수령),투자판단관련주요경영사항(임상시험결과)              (알츠하이머병 환자에서 CB-AC-02 치료의 안전성과 잠재적 치료효과를 평가하기 위한 임상시험의 최종결과보고서(CSR) 수령),20250724900713
차바이오텍,085660,00525679,2025-07-24,주식등의대량보유상황보고서(일반),주식등의대량보유상황보고서(일반),20250724000526
차바이오텍,085660,00525679,2025-07-24,임원ㆍ주요주주특정증권등소유상황보고서,임원ㆍ주요주주특정증권등소유상황보고서,20250724000519
차바이오텍,085660,00525679,2025-07-17,전환주식의전환가액조정              (상환전환우선주),전환주식의전환가액조정              (상환전환우선주),20250717900302
차바이오텍,085660,00525679,2025-07-16,신주인수권행사가액의조정,신주인수권행사가액의조정,20250716900301
차바이오텍,085660,00525679,2025-07-16,전환가액의조정,전환가액의조정,20250716900294
차바이오텍,085660,00525679,2025-06-23,기업설명회(IR)개최,기업설명회(IR)개최,20250623900159
차바이오텍,085660,00525679,2025-06-23,주식등의대량보유상황보고서(일반),주식등의대량보유상황보고서(일반),20250623000106
차바이오텍,085660,00525679,2025-06-23,임원ㆍ주요주주특정증권등소유상황보고서,임원ㆍ주요주주특정증권등소유상황보고서,20250623000099
차바이오텍,085660,00525679,2025-06-23,임원ㆍ주요주주특정증권등소유상황보고서,임원ㆍ주요주주특정증권등소유상황보고서,20250623000096
차바이오텍,085660,00525679,2025-06-23,임원ㆍ주요주주특정증권등소유상황보고서,임원ㆍ주요주주특정증권등소유상황보고서,20250623000095
차바이오텍,085660,00525679,2025-06-23,임원ㆍ주요주주특정증권등소유상황보고서,임원ㆍ주요주주특정증권등소유상황보고서,20250623000092
차바이오텍,085660,00525679,2025-06-23,임원ㆍ주요주주특정증권등소유상황보고서,임원ㆍ주요주주특정증권등소유상황보고서,20250623000086
차바이오텍,085660,00525679,2025-06-23,임원ㆍ주요주주특정증권등소유상황보고서,임원ㆍ주요주주특정증권등소유상황보고서,20250623000081
차바이오텍,085660,00525679,2025-06-23,임원ㆍ주요주주특정증권등소유상황보고서,임원ㆍ주요주주특정증권등소유상황보고서,20250623000077
차바이오텍,085660,00525679,2025-06-23,임원ㆍ주요주주특정증권등소유상황보고서,임원ㆍ주요주주특정증권등소유상황보고서,20250623000067
차바이오텍,085660,00525679,2025-06-23,임원ㆍ주요주주특정증권등소유상황보고서,임원ㆍ주요주주특정증권등소유상황보고서,20250623000060
차바이오텍,085660,00525679,2025-06-23,임원ㆍ주요주주특정증권등소유상황보고서,임원ㆍ주요주주특정증권등소유상황보고서,20250623000055
차바이오텍,085660,00525679,2025-06-23,임원ㆍ주요주주특정증권등소유상황보고서,임원ㆍ주요주주특정증권등소유상황보고서,20250623000050
차바이오텍,085660,00525679,2025-06-23,임원ㆍ주요주주특정증권등소유상황보고서,임원ㆍ주요주주특정증권등소유상황보고서,20250623000047
차바이오텍,085660,00525679,2025-06-23,임원ㆍ주요주주특정증권등소유상황보고서,임원ㆍ주요주주특정증권등소유상황보고서,20250623000041
차바이오텍,085660,00525679,2025-06-23,임원ㆍ주요주주특정증권등소유상황보고서,임원ㆍ주요주주특정증권등소유상황보고서,20250623000036
차바이오텍,085660,00525679,2025-06-23,임원ㆍ주요주주특정증권등소유상황보고서,임원ㆍ주요주주특정증권등소유상황보고서,20250623000033
차바이오텍,085660,00525679,2025-06-23,임원ㆍ주요주주특정증권등소유상황보고서,임원ㆍ주요주주특정증권등소유상황보고서,20250623000027
차바이오텍,085660,00525679,2025-06-23,임원ㆍ주요주주특정증권등소유상황보고서,임원ㆍ주요주주특정증권등소유상황보고서,20250623000023
차바이오텍,085660,00525679,2025-06-23,임원ㆍ주요주주특정증권등소유상황보고서,임원ㆍ주요주주특정증권등소유상황보고서,20250623000022
차바이오텍,085660,00525679,2025-06-23,임원ㆍ주요주주특정증권등소유상황보고서,임원ㆍ주요주주특정증권등소유상황보고서,20250623000021
차바이오텍,085660,00525679,2025-06-23,임원ㆍ주요주주특정증권등소유상황보고서,임원ㆍ주요주주특정증권등소유상황보고서,20250623000018
차바이오텍,085660,00525679,2025-06-23,임원ㆍ주요주주특정증권등소유상황보고서,임원ㆍ주요주주특정증권등소유상황보고서,20250623000016
차바이오텍,085660,00525679,2025-06-19,[기재정정]주요사항보고서(유상증자결정),[기재정정]주요사항보고서(유상증자결정),20250619000323
차바이오텍,085660,00525679,2025-06-19,[기재정정]주요사항보고서(신주인수권부사채권발행결정),[기재정정]주요사항보고서(신주인수권부사채권발행결정),20250619000322
차바이오텍,085660,00525679,2025-06-19,[기재정정]주요사항보고서(전환사채권발행결정),[기재정정]주요사항보고서(전환사채권발행결정),20250619000321
차바이오텍,085660,00525679,2025-06-19,[기재정정]증권발행실적보고서,[기재정정]증권발행실적보고서,20250619000324
차바이오텍,085660,00525679,2025-06-13,증권발행실적보고서,증권발행실적보고서,20250613000277
차바이오텍,085660,00525679,2025-06-13,증권발행결과(자율공시),증권발행결과(자율공시),20250613900327
차바이오텍,085660,00525679,2025-06-09,유상증자또는주식관련사채등의청약결과(자율공시),유상증자또는주식관련사채등의청약결과(자율공시),20250609900098
차바이오텍,085660,00525679,2025-05-30,[기재정정]투자설명서,[기재정정]투자설명서,20250530000532
차바이오텍,085660,00525679,2025-05-30,[발행조건확정]증권신고서(지분증권),[발행조건확정]증권신고서(지분증권),20250530000492
차바이오텍,085660,00525679,2025-05-30,[기재정정]주요사항보고서(유상증자결정),[기재정정]주요사항보고서(유상증자결정),20250530000313
차바이오텍,085660,00525679,2025-05-30,유상증자최종발행가액확정,유상증자최종발행가액확정,20250530900231
차바이오텍,085660,00525679,2025-05-28,투자판단관련주요경영사항(임상시험결과)              (조기난소부전 환자에서의 CordSTEM-ST의 안전성 및 내약성을 평가하기 위한 임상시험의 Topline data 수령),투자판단관련주요경영사항(임상시험결과)              (조기난소부전 환자에서의 CordSTEM-ST의 안전성 및 내약성을 평가하기 위한 임상시험의 Topline data 수령),20250528900121
차바이오텍,085660,00525679,2025-05-16,[기재정정]분기보고서 (2025.03),[기재정정]분기보고서 (2025.03),20250516000424
차바이오텍,085660,00525679,2025-05-15,[기재정정]증권신고서(지분증권),[기재정정]증권신고서(지분증권),20250515000971
차바이오텍,085660,00525679,2025-05-14,분기보고서 (2025.03),분기보고서 (2025.03),20250514000913
차바이오텍,085660,00525679,2025-05-13,주식등의대량보유상황보고서(일반),주식등의대량보유상황보고서(일반),20250513000703
차바이오텍,085660,00525679,2025-05-13,임원ㆍ주요주주특정증권등소유상황보고서,임원ㆍ주요주주특정증권등소유상황보고서,20250513000501
차바이오텍,085660,00525679,2025-05-13,임원ㆍ주요주주특정증권등소유상황보고서,임원ㆍ주요주주특정증권등소유상황보고서,20250513000492
차바이오텍,085660,00525679,2025-05-13,임원ㆍ주요주주특정증권등소유상황보고서,임원ㆍ주요주주특정증권등소유상황보고서,20250513000482
차바이오텍,085660,00525679,2025-05-13,임원ㆍ주요주주특정증권등소유상황보고서,임원ㆍ주요주주특정증권등소유상황보고서,20250513000476
차바이오텍,085660,00525679,2025-05-13,임원ㆍ주요주주특정증권등소유상황보고서,임원ㆍ주요주주특정증권등소유상황보고서,20250513000442
차바이오텍,085660,00525679,2025-05-13,임원ㆍ주요주주특정증권등소유상황보고서,임원ㆍ주요주주특정증권등소유상황보고서,20250513000437
차바이오텍,085660,00525679,2025-05-13,임원ㆍ주요주주특정증권등소유상황보고서,임원ㆍ주요주주특정증권등소유상황보고서,20250513000425
차바이오텍,085660,00525679,2025-05-13,임원ㆍ주요주주특정증권등소유상황보고서,임원ㆍ주요주주특정증권등소유상황보고서,20250513000411
차바이오텍,085660,00525679,2025-05-13,임원ㆍ주요주주특정증권등소유상황보고서,임원ㆍ주요주주특정증권등소유상황보고서,20250513000400
차바이오텍,085660,00525679,2025-05-13,임원ㆍ주요주주특정증권등소유상황보고서,임원ㆍ주요주주특정증권등소유상황보고서,20250513000390
차바이오텍,085660,00525679,2025-05-13,임원ㆍ주요주주특정증권등소유상황보고서,임원ㆍ주요주주특정증권등소유상황보고서,20250513000381
차바이오텍,085660,00525679,2025-05-13,임원ㆍ주요주주특정증권등소유상황보고서,임원ㆍ주요주주특정증권등소유상황보고서,20250513000366
차바이오텍,085660,00525679,2025-05-13,임원ㆍ주요주주특정증권등소유상황보고서,임원ㆍ주요주주특정증권등소유상황보고서,20250513000357
차바이오텍,085660,00525679,2025-05-13,임원ㆍ주요주주특정증권등소유상황보고서,임원ㆍ주요주주특정증권등소유상황보고서,20250513000355
차바이오텍,085660,00525679,2025-05-13,임원ㆍ주요주주특정증권등소유상황보고서,임원ㆍ주요주주특정증권등소유상황보고서,20250513000345
차바이오텍,085660,00525679,2025-05-13,임원ㆍ주요주주특정증권등소유상황보고서,임원ㆍ주요주주특정증권등소유상황보고서,20250513000340
차바이오텍,085660,00525679,2025-05-13,임원ㆍ주요주주특정증권등소유상황보고서,임원ㆍ주요주주특정증권등소유상황보고서,20250513000335
차바이오텍,085660,00525679,2025-05-02,불성실공시법인미지정              (지정유예),불성실공시법인미지정              (지정유예),20250502900576
차바이오텍,085660,00525679,2025-04-29,임원ㆍ주요주주특정증권등소유상황보고서,임원ㆍ주요주주특정증권등소유상황보고서,20250429000432
차바이오텍,085660,00525679,2025-04-29,임원ㆍ주요주주특정증권등소유상황보고서,임원ㆍ주요주주특정증권등소유상황보고서,20250429000409
차바이오텍,085660,00525679,2025-04-29,임원ㆍ주요주주특정증권등소유상황보고서,임원ㆍ주요주주특정증권등소유상황보고서,20250429000395
차바이오텍,085660,00525679,2025-04-29,임원ㆍ주요주주특정증권등소유상황보고서,임원ㆍ주요주주특정증권등소유상황보고서,20250429000386
차바이오텍,085660,00525679,2025-04-29,임원ㆍ주요주주특정증권등소유상황보고서,임원ㆍ주요주주특정증권등소유상황보고서,20250429000377
차바이오텍,085660,00525679,2025-04-29,임원ㆍ주요주주특정증권등소유상황보고서,임원ㆍ주요주주특정증권등소유상황보고서,20250429000320
차바이오텍,085660,00525679,2025-04-29,임원ㆍ주요주주특정증권등소유상황보고서,임원ㆍ주요주주특정증권등소유상황보고서,20250429000314
차바이오텍,085660,00525679,2025-04-29,임원ㆍ주요주주특정증권등소유상황보고서,임원ㆍ주요주주특정증권등소유상황보고서,20250429000305
차바이오텍,085660,00525679,2025-04-15,[기재정정]투자설명서,[기재정정]투자설명서,20250415000402
차바이오텍,085660,00525679,2025-04-15,[기재정정]증권신고서(지분증권),[기재정정]증권신고서(지분증권),20250415000390
차바이오텍,085660,00525679,2025-04-15,[기재정정]주요사항보고서(유상증자결정),[기재정정]주요사항보고서(유상증자결정),20250415000152
차바이오텍,085660,00525679,2025-04-15,[기재정정]신규시설투자등(자율공시),[기재정정]신규시설투자등(자율공시),20250415900239
차바이오텍,085660,00525679,2025-04-09,불성실공시법인지정예고              (공시변경),불성실공시법인지정예고              (공시변경),20250409900662
차바이오텍,085660,00525679,2025-04-08,권리락              (유상증자),권리락              (유상증자),20250408901005
차바이오텍,085660,00525679,2025-04-08,투자설명서,투자설명서,20250408002902
차바이오텍,085660,00525679,2025-04-08,[발행조건확정]증권신고서(지분증권),[발행조건확정]증권신고서(지분증권),20250408002732
차바이오텍,085660,00525679,2025-04-08,[기재정정]주요사항보고서(유상증자결정),[기재정정]주요사항보고서(유상증자결정),20250408002613
차바이오텍,085660,00525679,2025-04-08,유상증자1차발행가액결정,유상증자1차발행가액결정,20250408900730
차바이오텍,085660,00525679,2025-04-07,[기재정정]증권신고서(지분증권),[기재정정]증권신고서(지분증권),20250407003716
차바이오텍,085660,00525679,2025-04-04,주식등의대량보유상황보고서(일반),주식등의대량보유상황보고서(일반),20250404003753
차바이오텍,085660,00525679,2025-03-31,대표이사변경,대표이사변경,20250331903798
차바이오텍,085660,00525679,2025-03-31,정기주주총회결과,정기주주총회결과,20250331903727
차바이오텍,085660,00525679,2025-03-31,[기재정정]사업보고서 (2024.12),[기재정정]사업보고서 (2024.12),20250331004261
차바이오텍,085660,00525679,2025-03-31,사외이사의선임ㆍ해임또는중도퇴임에관한신고,사외이사의선임ㆍ해임또는중도퇴임에관한신고,20250331004191
차바이오텍,085660,00525679,2025-03-25,소송등의판결ㆍ결정,소송등의판결ㆍ결정,20250325901408
차바이오텍,085660,00525679,2025-03-24,[기재정정]증권신고서(지분증권),[기재정정]증권신고서(지분증권),20250324000670
차바이오텍,085660,00525679,2025-03-24,[기재정정]주요사항보고서(유상증자결정),[기재정정]주요사항보고서(유상증자결정),20250324000579
차바이오텍,085660,00525679,2025-03-21,사업보고서 (2024.12),사업보고서 (2024.12),20250321001831
차바이오텍,085660,00525679,2025-03-21,감사보고서제출,감사보고서제출,20250321901601
차바이오텍,085660,00525679,2025-03-20,소송등의제기ㆍ신청(경영권분쟁소송)              (의결권행사허용가처분),소송등의제기ㆍ신청(경영권분쟁소송)              (의결권행사허용가처분),20250320902508
차바이오텍,085660,00525679,2025-03-19,신주인수권부사채(해외신주인수권부사채포함)발행후만기전사채취득,신주인수권부사채(해외신주인수권부사채포함)발행후만기전사채취득,20250319900857
차바이오텍,085660,00525679,2025-03-19,전환사채(해외전환사채포함)발행후만기전사채취득,전환사채(해외전환사채포함)발행후만기전사채취득,20250319900849
차바이오텍,085660,00525679,2025-03-18,[첨부정정]의결권대리행사권유참고서류,[첨부정정]의결권대리행사권유참고서류,20250318001330
차바이오텍,085660,00525679,2025-03-17,[기재정정]의결권대리행사권유참고서류,[기재정정]의결권대리행사권유참고서류,20250317000841
천보,278280,00897752,2026-03-13,[첨부정정]감사보고서제출,[첨부정정]감사보고서제출,20260313900765
천보,278280,00897752,2026-03-10,주식등의대량보유상황보고서(약식),주식등의대량보유상황보고서(약식),20260310002555
천보,278280,00897752,2026-03-09,의결권대리행사권유참고서류,의결권대리행사권유참고서류,20260309001917
천보,278280,00897752,2026-03-09,주주총회소집공고,주주총회소집공고,20260309001609
천보,278280,00897752,2026-03-06,감사보고서제출,감사보고서제출,20260306901634
천보,278280,00897752,2026-03-06,주주총회소집결의,주주총회소집결의,20260306901233
천보,278280,00897752,2026-02-09,주식등의대량보유상황보고서(약식),주식등의대량보유상황보고서(약식),20260209000524
천보,278280,00897752,2026-02-02,매출액또는손익구조30%(대규모법인은15%)이상변동,매출액또는손익구조30%(대규모법인은15%)이상변동,20260202902057
천보,278280,00897752,2026-02-02,파생상품거래손실발생,파생상품거래손실발생,20260202902036
천보,278280,00897752,2026-01-29,전환청구권행사,전환청구권행사,20260129901057
천보,278280,00897752,2026-01-12,[기재정정]주식등의대량보유상황보고서(약식),[기재정정]주식등의대량보유상황보고서(약식),20260112000248
천보,278280,00897752,2026-01-09,주식등의대량보유상황보고서(약식),주식등의대량보유상황보고서(약식),20260109000701
천보,278280,00897752,2026-01-07,전환청구권행사,전환청구권행사,20260107900756
천보,278280,00897752,2025-12-24,전환청구권행사,전환청구권행사,20251224900914
천보,278280,00897752,2025-12-16,자기주식처분결과보고서,자기주식처분결과보고서,20251216000414
천보,278280,00897752,2025-12-12,전환청구권행사,전환청구권행사,20251212901165
천보,278280,00897752,2025-12-12,주주명부폐쇄기간또는기준일설정,주주명부폐쇄기간또는기준일설정,20251212900541
천보,278280,00897752,2025-12-11,주요사항보고서(자기주식처분결정),주요사항보고서(자기주식처분결정),20251211000420
천보,278280,00897752,2025-12-10,전환청구권행사,전환청구권행사,20251210900637
천보,278280,00897752,2025-11-13,분기보고서 (2025.09),분기보고서 (2025.09),20251113001046
천보,278280,00897752,2025-10-30,타인에대한담보제공결정,타인에대한담보제공결정,20251030900687
천보,278280,00897752,2025-08-14,반기보고서 (2025.06),반기보고서 (2025.06),20250814001568
천보,278280,00897752,2025-08-11,주식등의대량보유상황보고서(약식),주식등의대량보유상황보고서(약식),20250811000577
천보,278280,00897752,2025-05-14,[기재정정]분기보고서 (2025.03),[기재정정]분기보고서 (2025.03),20250514001199
천보,278280,00897752,2025-05-14,분기보고서 (2025.03),분기보고서 (2025.03),20250514000821
천보,278280,00897752,2025-04-30,소속부변경,소속부변경,20250430901258
천보,278280,00897752,2025-03-31,[기재정정]사업보고서 (2024.12),[기재정정]사업보고서 (2024.12),20250331003295
천보,278280,00897752,2025-03-25,임원ㆍ주요주주특정증권등소유상황보고서,임원ㆍ주요주주특정증권등소유상황보고서,20250325000384
천보,278280,00897752,2025-03-20,정기주주총회결과,정기주주총회결과,20250320901372
천보,278280,00897752,2025-03-20,사외이사의선임ㆍ해임또는중도퇴임에관한신고,사외이사의선임ㆍ해임또는중도퇴임에관한신고,20250320001203
코난테크놀로지,402030,00601988,2026-03-13,주주총회소집공고,주주총회소집공고,20260313000760
코난테크놀로지,402030,00601988,2026-03-04,[기재정정]주주총회소집결의,[기재정정]주주총회소집결의,20260304901613
코난테크놀로지,402030,00601988,2026-02-13,매출액또는손익구조30%(대규모법인은15%)이상변동,매출액또는손익구조30%(대규모법인은15%)이상변동,20260213901290
코난테크놀로지,402030,00601988,2026-02-13,주주총회소집결의,주주총회소집결의,20260213901284
코난테크놀로지,402030,00601988,2026-02-13,임원ㆍ주요주주특정증권등소유상황보고서,임원ㆍ주요주주특정증권등소유상황보고서,20260213002289
코난테크놀로지,402030,00601988,2026-01-30,[기재정정]최대주주변경을수반하는주식담보제공계약체결,[기재정정]최대주주변경을수반하는주식담보제공계약체결,20260130900771
코난테크놀로지,402030,00601988,2026-01-30,주식등의대량보유상황보고서(일반),주식등의대량보유상황보고서(일반),20260130000455
코난테크놀로지,402030,00601988,2025-12-16,주주명부폐쇄기간또는기준일설정,주주명부폐쇄기간또는기준일설정,20251216900394
코난테크놀로지,402030,00601988,2025-11-28,[기재정정]최대주주변경을수반하는주식담보제공계약체결,[기재정정]최대주주변경을수반하는주식담보제공계약체결,20251128900785
코난테크놀로지,402030,00601988,2025-11-28,주식등의대량보유상황보고서(일반),주식등의대량보유상황보고서(일반),20251128001597
코난테크놀로지,402030,00601988,2025-11-21,임원ㆍ주요주주특정증권등소유상황보고서,임원ㆍ주요주주특정증권등소유상황보고서,20251121000293
코난테크놀로지,402030,00601988,2025-11-21,임원ㆍ주요주주특정증권등소유상황보고서,임원ㆍ주요주주특정증권등소유상황보고서,20251121000290
코난테크놀로지,402030,00601988,2025-11-14,분기보고서 (2025.09),분기보고서 (2025.09),20251114001467
코난테크놀로지,402030,00601988,2025-11-07,임원ㆍ주요주주특정증권등소유상황보고서,임원ㆍ주요주주특정증권등소유상황보고서,20251107000330
코난테크놀로지,402030,00601988,2025-10-31,최대주주변경을수반하는주식담보제공계약체결,최대주주변경을수반하는주식담보제공계약체결,20251031900789
코난테크놀로지,402030,00601988,2025-10-31,주식등의대량보유상황보고서(일반),주식등의대량보유상황보고서(일반),20251031000318
코난테크놀로지,402030,00601988,2025-10-31,임원ㆍ주요주주특정증권등소유상황보고서,임원ㆍ주요주주특정증권등소유상황보고서,20251031000252
코난테크놀로지,402030,00601988,2025-10-31,임원ㆍ주요주주특정증권등소유상황보고서,임원ㆍ주요주주특정증권등소유상황보고서,20251031000249
코난테크놀로지,402030,00601988,2025-10-31,임원ㆍ주요주주특정증권등소유상황보고서,임원ㆍ주요주주특정증권등소유상황보고서,20251031000243
코난테크놀로지,402030,00601988,2025-10-31,임원ㆍ주요주주특정증권등소유상황보고서,임원ㆍ주요주주특정증권등소유상황보고서,20251031000239
코난테크놀로지,402030,00601988,2025-10-31,임원ㆍ주요주주특정증권등소유상황보고서,임원ㆍ주요주주특정증권등소유상황보고서,20251031000236
코난테크놀로지,402030,00601988,2025-10-31,임원ㆍ주요주주특정증권등소유상황보고서,임원ㆍ주요주주특정증권등소유상황보고서,20251031000233
코난테크놀로지,402030,00601988,2025-10-31,임원ㆍ주요주주특정증권등소유상황보고서,임원ㆍ주요주주특정증권등소유상황보고서,20251031000225
코난테크놀로지,402030,00601988,2025-10-31,임원ㆍ주요주주특정증권등소유상황보고서,임원ㆍ주요주주특정증권등소유상황보고서,20251031000222
코난테크놀로지,402030,00601988,2025-10-31,임원ㆍ주요주주특정증권등소유상황보고서,임원ㆍ주요주주특정증권등소유상황보고서,20251031000216
코난테크놀로지,402030,00601988,2025-10-31,임원ㆍ주요주주특정증권등소유상황보고서,임원ㆍ주요주주특정증권등소유상황보고서,20251031000213
코난테크놀로지,402030,00601988,2025-10-31,임원ㆍ주요주주특정증권등소유상황보고서,임원ㆍ주요주주특정증권등소유상황보고서,20251031000212
코난테크놀로지,402030,00601988,2025-10-27,임원ㆍ주요주주특정증권등소유상황보고서,임원ㆍ주요주주특정증권등소유상황보고서,20251027000293
코난테크놀로지,402030,00601988,2025-10-24,증권발행실적보고서,증권발행실적보고서,20251024000373
코난테크놀로지,402030,00601988,2025-10-24,증권발행결과(자율공시),증권발행결과(자율공시),20251024900339
코난테크놀로지,402030,00601988,2025-10-23,유상증자또는주식관련사채등의청약결과(자율공시),유상증자또는주식관련사채등의청약결과(자율공시),20251023900268
코난테크놀로지,402030,00601988,2025-10-20,유상증자또는주식관련사채등의청약결과(자율공시)              (주주배정후 실권주 일반공모),유상증자또는주식관련사채등의청약결과(자율공시)              (주주배정후 실권주 일반공모),20251020900297
코난테크놀로지,402030,00601988,2025-10-14,유상증자최종발행가액확정,유상증자최종발행가액확정,20251014900425
코난테크놀로지,402030,00601988,2025-10-14,[기재정정]투자설명서,[기재정정]투자설명서,20251014000259
코난테크놀로지,402030,00601988,2025-10-14,[발행조건확정]증권신고서(지분증권),[발행조건확정]증권신고서(지분증권),20251014000258
코난테크놀로지,402030,00601988,2025-10-14,[기재정정]주요사항보고서(유상증자결정),[기재정정]주요사항보고서(유상증자결정),20251014000212
코난테크놀로지,402030,00601988,2025-09-30,임원ㆍ주요주주특정증권등소유상황보고서,임원ㆍ주요주주특정증권등소유상황보고서,20250930000614
코난테크놀로지,402030,00601988,2025-09-24,임원ㆍ주요주주특정증권등소유상황보고서,임원ㆍ주요주주특정증권등소유상황보고서,20250924000249
코난테크놀로지,402030,00601988,2025-09-24,임원ㆍ주요주주특정증권등소유상황보고서,임원ㆍ주요주주특정증권등소유상황보고서,20250924000246
코난테크놀로지,402030,00601988,2025-09-24,임원ㆍ주요주주특정증권등소유상황보고서,임원ㆍ주요주주특정증권등소유상황보고서,20250924000237
코난테크놀로지,402030,00601988,2025-09-23,임원ㆍ주요주주특정증권등소유상황보고서,임원ㆍ주요주주특정증권등소유상황보고서,20250923000271
코난테크놀로지,402030,00601988,2025-09-23,임원ㆍ주요주주특정증권등소유상황보고서,임원ㆍ주요주주특정증권등소유상황보고서,20250923000265
코난테크놀로지,402030,00601988,2025-09-23,임원ㆍ주요주주특정증권등소유상황보고서,임원ㆍ주요주주특정증권등소유상황보고서,20250923000254
코난테크놀로지,402030,00601988,2025-09-19,임원ㆍ주요주주특정증권등소유상황보고서,임원ㆍ주요주주특정증권등소유상황보고서,20250919000212
코난테크놀로지,402030,00601988,2025-09-09,[기재정정]주식등의대량보유상황보고서(일반),[기재정정]주식등의대량보유상황보고서(일반),20250909000259
코난테크놀로지,402030,00601988,2025-09-09,임원ㆍ주요주주특정증권등소유상황보고서,임원ㆍ주요주주특정증권등소유상황보고서,20250909000252
코난테크놀로지,402030,00601988,2025-09-05,임원ㆍ주요주주특정증권등소유상황보고서,임원ㆍ주요주주특정증권등소유상황보고서,20250905000416
코난테크놀로지,402030,00601988,2025-09-05,임원ㆍ주요주주특정증권등소유상황보고서,임원ㆍ주요주주특정증권등소유상황보고서,20250905000411
코난테크놀로지,402030,00601988,2025-09-05,임원ㆍ주요주주특정증권등소유상황보고서,임원ㆍ주요주주특정증권등소유상황보고서,20250905000405
코난테크놀로지,402030,00601988,2025-09-05,임원ㆍ주요주주특정증권등소유상황보고서,임원ㆍ주요주주특정증권등소유상황보고서,20250905000403
코난테크놀로지,402030,00601988,2025-09-05,주식등의대량보유상황보고서(일반),주식등의대량보유상황보고서(일반),20250905000395
코난테크놀로지,402030,00601988,2025-09-01,단일판매ㆍ공급계약체결,단일판매ㆍ공급계약체결,20250901900441
코난테크놀로지,402030,00601988,2025-08-29,권리락              (유상증자),권리락              (유상증자),20250829900748
코난테크놀로지,402030,00601988,2025-08-29,유상증자1차발행가액결정,유상증자1차발행가액결정,20250829900650
코난테크놀로지,402030,00601988,2025-08-29,투자설명서,투자설명서,20250829001905
코난테크놀로지,402030,00601988,2025-08-29,[발행조건확정]증권신고서(지분증권),[발행조건확정]증권신고서(지분증권),20250829001885
코난테크놀로지,402030,00601988,2025-08-29,[기재정정]주요사항보고서(유상증자결정),[기재정정]주요사항보고서(유상증자결정),20250829001825
코난테크놀로지,402030,00601988,2025-08-13,[기재정정]증권신고서(지분증권),[기재정정]증권신고서(지분증권),20250813001269
코난테크놀로지,402030,00601988,2025-08-13,[기재정정]주요사항보고서(유상증자결정),[기재정정]주요사항보고서(유상증자결정),20250813001105
코난테크놀로지,402030,00601988,2025-08-13,반기보고서 (2025.06),반기보고서 (2025.06),20250813001091
코난테크놀로지,402030,00601988,2025-07-30,[기재정정]증권신고서(지분증권),[기재정정]증권신고서(지분증권),20250730000294
코난테크놀로지,402030,00601988,2025-07-23,임원ㆍ주요주주특정증권등소유상황보고서,임원ㆍ주요주주특정증권등소유상황보고서,20250723000041
코난테크놀로지,402030,00601988,2025-07-21,임원ㆍ주요주주특정증권등소유상황보고서,임원ㆍ주요주주특정증권등소유상황보고서,20250721000130
코난테크놀로지,402030,00601988,2025-07-21,임원ㆍ주요주주특정증권등소유상황보고서,임원ㆍ주요주주특정증권등소유상황보고서,20250721000125
코난테크놀로지,402030,00601988,2025-07-21,임원ㆍ주요주주특정증권등소유상황보고서,임원ㆍ주요주주특정증권등소유상황보고서,20250721000123
코난테크놀로지,402030,00601988,2025-07-16,증권신고서(지분증권),증권신고서(지분증권),20250716000278
코난테크놀로지,402030,00601988,2025-07-16,주요사항보고서(유상증자결정),주요사항보고서(유상증자결정),20250716000208
코난테크놀로지,402030,00601988,2025-06-24,임원ㆍ주요주주특정증권등소유상황보고서,임원ㆍ주요주주특정증권등소유상황보고서,20250624000299
코난테크놀로지,402030,00601988,2025-06-18,임원ㆍ주요주주특정증권등소유상황보고서,임원ㆍ주요주주특정증권등소유상황보고서,20250618000067
코난테크놀로지,402030,00601988,2025-06-16,임원ㆍ주요주주특정증권등소유상황보고서,임원ㆍ주요주주특정증권등소유상황보고서,20250616000202
코난테크놀로지,402030,00601988,2025-06-16,임원ㆍ주요주주특정증권등소유상황보고서,임원ㆍ주요주주특정증권등소유상황보고서,20250616000196
코난테크놀로지,402030,00601988,2025-06-16,임원ㆍ주요주주특정증권등소유상황보고서,임원ㆍ주요주주특정증권등소유상황보고서,20250616000184
코난테크놀로지,402030,00601988,2025-06-16,임원ㆍ주요주주특정증권등소유상황보고서,임원ㆍ주요주주특정증권등소유상황보고서,20250616000181
코난테크놀로지,402030,00601988,2025-06-16,임원ㆍ주요주주특정증권등소유상황보고서,임원ㆍ주요주주특정증권등소유상황보고서,20250616000175
코난테크놀로지,402030,00601988,2025-06-16,임원ㆍ주요주주특정증권등소유상황보고서,임원ㆍ주요주주특정증권등소유상황보고서,20250616000172
코난테크놀로지,402030,00601988,2025-05-30,주식등의대량보유상황보고서(일반),주식등의대량보유상황보고서(일반),20250530000261
코난테크놀로지,402030,00601988,2025-05-15,분기보고서 (2025.03),분기보고서 (2025.03),20250515001317
코난테크놀로지,402030,00601988,2025-05-14,임원ㆍ주요주주특정증권등소유상황보고서,임원ㆍ주요주주특정증권등소유상황보고서,20250514000773
코난테크놀로지,402030,00601988,2025-04-04,[기재정정]단일판매ㆍ공급계약체결(자율공시),[기재정정]단일판매ㆍ공급계약체결(자율공시),20250404900860
코난테크놀로지,402030,00601988,2025-04-04,임원ㆍ주요주주특정증권등소유상황보고서,임원ㆍ주요주주특정증권등소유상황보고서,20250404001372
코난테크놀로지,402030,00601988,2025-03-31,사외이사의선임ㆍ해임또는중도퇴임에관한신고,사외이사의선임ㆍ해임또는중도퇴임에관한신고,20250331002195
코난테크놀로지,402030,00601988,2025-03-31,정기주주총회결과,정기주주총회결과,20250331901321
코난테크놀로지,402030,00601988,2025-03-21,사업보고서 (2024.12),사업보고서 (2024.12),20250321000273
코난테크놀로지,402030,00601988,2025-03-20,감사보고서제출,감사보고서제출,20250320901378
코미코,183300,00997812,2026-03-10,주식등의대량보유상황보고서(일반),주식등의대량보유상황보고서(일반),20260310001993
코미코,183300,00997812,2026-03-05,주식등의대량보유상황보고서(약식),주식등의대량보유상황보고서(약식),20260305001234
코미코,183300,00997812,2026-03-04,현금ㆍ현물배당결정,현금ㆍ현물배당결정,20260304900717
코미코,183300,00997812,2026-03-04,현금ㆍ현물배당을위한주주명부폐쇄(기준일)결정,현금ㆍ현물배당을위한주주명부폐쇄(기준일)결정,20260304900674
코미코,183300,00997812,2026-02-04,주식등의대량보유상황보고서(약식),주식등의대량보유상황보고서(약식),20260204000408
코미코,183300,00997812,2026-01-19,임원ㆍ주요주주특정증권등소유상황보고서,임원ㆍ주요주주특정증권등소유상황보고서,20260119000268
코미코,183300,00997812,2026-01-19,임원ㆍ주요주주특정증권등소유상황보고서,임원ㆍ주요주주특정증권등소유상황보고서,20260119000248
코미코,183300,00997812,2026-01-19,자기주식처분결과보고서,자기주식처분결과보고서,20260119000092
코미코,183300,00997812,2026-01-15,주요사항보고서(자기주식처분결정),주요사항보고서(자기주식처분결정),20260115000050
코미코,183300,00997812,2025-12-22,주식등의대량보유상황보고서(일반),주식등의대량보유상황보고서(일반),20251222000465
코미코,183300,00997812,2025-12-12,기타경영사항(자율공시)              (정관 변경에 따른 배당기준일 안내),기타경영사항(자율공시)              (정관 변경에 따른 배당기준일 안내),20251212900240
코미코,183300,00997812,2025-12-12,주주명부폐쇄기간또는기준일설정,주주명부폐쇄기간또는기준일설정,20251212900188
코미코,183300,00997812,2025-12-10,주식등의대량보유상황보고서(일반),주식등의대량보유상황보고서(일반),20251210000476
코미코,183300,00997812,2025-11-14,분기보고서 (2025.09),분기보고서 (2025.09),20251114000512
코미코,183300,00997812,2025-10-29,타인에대한채무보증결정,타인에대한채무보증결정,20251029900410
코미코,183300,00997812,2025-10-29,타인에대한채무보증결정,타인에대한채무보증결정,20251029900400
코미코,183300,00997812,2025-10-29,[기재정정]타인에대한채무보증결정,[기재정정]타인에대한채무보증결정,20251029900396
코미코,183300,00997812,2025-10-29,[기재정정]타인에대한채무보증결정,[기재정정]타인에대한채무보증결정,20251029900389
코미코,183300,00997812,2025-10-29,[기재정정]타인에대한채무보증결정,[기재정정]타인에대한채무보증결정,20251029900381
코미코,183300,00997812,2025-10-29,[기재정정]타인에대한채무보증결정,[기재정정]타인에대한채무보증결정,20251029900380
코미코,183300,00997812,2025-10-01,주식등의대량보유상황보고서(약식),주식등의대량보유상황보고서(약식),20251001000254
코미코,183300,00997812,2025-08-19,기업설명회(IR)개최,기업설명회(IR)개최,20250819900112
코미코,183300,00997812,2025-08-18,기업설명회(IR)개최,기업설명회(IR)개최,20250818900532
코미코,183300,00997812,2025-08-18,타법인주식및출자증권취득결정,타법인주식및출자증권취득결정,20250818900433
코미코,183300,00997812,2025-08-14,반기보고서 (2025.06),반기보고서 (2025.06),20250814001475
코미코,183300,00997812,2025-08-06,연결재무제표기준영업(잠정)실적(공정공시),연결재무제표기준영업(잠정)실적(공정공시),20250806900044
코미코,183300,00997812,2025-08-04,주식등의대량보유상황보고서(일반),주식등의대량보유상황보고서(일반),20250804000287
코미코,183300,00997812,2025-07-02,신탁계약해지결과보고서,신탁계약해지결과보고서,20250702000362
코미코,183300,00997812,2025-06-25,기업설명회(IR)개최,기업설명회(IR)개최,20250625900321
코미코,183300,00997812,2025-05-15,분기보고서 (2025.03),분기보고서 (2025.03),20250515000815
코미코,183300,00997812,2025-04-30,기업가치제고계획(자율공시),기업가치제고계획(자율공시),20250430900323
코미코,183300,00997812,2025-04-28,영업(잠정)실적(공정공시),영업(잠정)실적(공정공시),20250428900250
코미코,183300,00997812,2025-04-08,신탁계약해지결과보고서,신탁계약해지결과보고서,20250408001859
코미코,183300,00997812,2025-04-04,신탁계약에의한취득상황보고서,신탁계약에의한취득상황보고서,20250404001998
코미코,183300,00997812,2025-04-03,기업설명회(IR)개최,기업설명회(IR)개최,20250403900457
코미코,183300,00997812,2025-03-31,기업설명회(IR)개최,기업설명회(IR)개최,20250331901795
코미코,183300,00997812,2025-03-31,사외이사의선임ㆍ해임또는중도퇴임에관한신고,사외이사의선임ㆍ해임또는중도퇴임에관한신고,20250331002254
코미코,183300,00997812,2025-03-31,정기주주총회결과,정기주주총회결과,20250331901225
코미코,183300,00997812,2025-03-27,기업설명회(IR)개최,기업설명회(IR)개최,20250327900672
코미코,183300,00997812,2025-03-25,기업설명회(IR)개최,기업설명회(IR)개최,20250325900170
코미코,183300,00997812,2025-03-21,사업보고서 (2024.12),사업보고서 (2024.12),20250321000403
코스모신소재,005070,00129989,2026-03-13,주요사항보고서(유상증자결정),주요사항보고서(유상증자결정),20260313000741
코스모신소재,005070,00129989,2026-03-12,감사보고서제출,감사보고서제출,20260312801070
코스모신소재,005070,00129989,2026-03-09,주식등의대량보유상황보고서(일반),주식등의대량보유상황보고서(일반),20260309001459
코스모신소재,005070,00129989,2026-02-26,주식등의대량보유상황보고서(일반),주식등의대량보유상황보고서(일반),20260226004432
코스모신소재,005070,00129989,2026-02-23,주주총회소집공고,주주총회소집공고,20260223000970
코스모신소재,005070,00129989,2026-02-13,주주총회소집결의,주주총회소집결의,20260213800420
코스모신소재,005070,00129989,2026-02-09,주식등의대량보유상황보고서(일반),주식등의대량보유상황보고서(일반),20260206002159
코스모신소재,005070,00129989,2026-01-30,유상증자또는주식관련사채등의발행결과(자율공시),유상증자또는주식관련사채등의발행결과(자율공시),20260130801250
코스모신소재,005070,00129989,2026-01-23,풍문또는보도에대한해명(미확정),풍문또는보도에대한해명(미확정),20260123800424
코스모신소재,005070,00129989,2026-01-21,주식등의대량보유상황보고서(일반),주식등의대량보유상황보고서(일반),20260121000340
코스모신소재,005070,00129989,2026-01-19,매출액또는손익구조30%(대규모법인은15%)이상변경,매출액또는손익구조30%(대규모법인은15%)이상변경,20260119800499
코스모신소재,005070,00129989,2026-01-16,[기재정정]주요사항보고서(전환사채권발행결정),[기재정정]주요사항보고서(전환사채권발행결정),20260116000490
코스모신소재,005070,00129989,2026-01-16,주요사항보고서(전환사채권발행결정),주요사항보고서(전환사채권발행결정),20260116000258
코스모신소재,005070,00129989,2026-01-05,주식등의대량보유상황보고서(일반),주식등의대량보유상황보고서(일반),20260105000209
코스모신소재,005070,00129989,2026-01-02,주식등의대량보유상황보고서(약식),주식등의대량보유상황보고서(약식),20260102000197
코스모신소재,005070,00129989,2025-12-15,주주명부폐쇄기간또는기준일설정,주주명부폐쇄기간또는기준일설정,20251215800215
코스모신소재,005070,00129989,2025-12-08,주식등의대량보유상황보고서(일반),주식등의대량보유상황보고서(일반),20251208000203
코스모신소재,005070,00129989,2025-11-14,분기보고서 (2025.09),분기보고서 (2025.09),20251114001450
코스모신소재,005070,00129989,2025-10-31,영업(잠정)실적(공정공시),영업(잠정)실적(공정공시),20251031800603
코스모신소재,005070,00129989,2025-10-24,풍문또는보도에대한해명(미확정),풍문또는보도에대한해명(미확정),20251024800621
코스모신소재,005070,00129989,2025-10-24,주식등의대량보유상황보고서(일반),주식등의대량보유상황보고서(일반),20251024000178
코스모신소재,005070,00129989,2025-10-01,주식등의대량보유상황보고서(일반),주식등의대량보유상황보고서(일반),20251001000499
코스모신소재,005070,00129989,2025-09-29,풍문또는보도에대한해명(미확정),풍문또는보도에대한해명(미확정),20250929800708
코스모신소재,005070,00129989,2025-09-26,주식등의대량보유상황보고서(일반),주식등의대량보유상황보고서(일반),20250926000084
코스모신소재,005070,00129989,2025-09-04,주식등의대량보유상황보고서(일반),주식등의대량보유상황보고서(일반),20250904000321
코스모신소재,005070,00129989,2025-08-13,반기보고서 (2025.06),반기보고서 (2025.06),20250813000482
코스모신소재,005070,00129989,2025-07-22,영업(잠정)실적(공정공시),영업(잠정)실적(공정공시),20250722800288
코스모신소재,005070,00129989,2025-07-16,주식등의대량보유상황보고서(일반),주식등의대량보유상황보고서(일반),20250716000074
코스모신소재,005070,00129989,2025-06-30,임원ㆍ주요주주특정증권등소유상황보고서,임원ㆍ주요주주특정증권등소유상황보고서,20250630000589
코스모신소재,005070,00129989,2025-06-11,주식등의대량보유상황보고서(일반),주식등의대량보유상황보고서(일반),20250611000283
코스모신소재,005070,00129989,2025-06-04,임원ㆍ주요주주특정증권등소유상황보고서,임원ㆍ주요주주특정증권등소유상황보고서,20250604000175
코스모신소재,005070,00129989,2025-06-02,주식등의대량보유상황보고서(일반),주식등의대량보유상황보고서(일반),20250602000885
코스모신소재,005070,00129989,2025-05-30,기업지배구조보고서공시,기업지배구조보고서공시,20250530800454
코스모신소재,005070,00129989,2025-05-16,주식등의대량보유상황보고서(일반),주식등의대량보유상황보고서(일반),20250516000198
코스모신소재,005070,00129989,2025-05-14,분기보고서 (2025.03),분기보고서 (2025.03),20250514000429
코스모신소재,005070,00129989,2025-04-30,[기재정정]단일판매ㆍ공급계약체결,[기재정정]단일판매ㆍ공급계약체결,20250430801069
코스모신소재,005070,00129989,2025-04-29,주식등의대량보유상황보고서(일반),주식등의대량보유상황보고서(일반),20250429000659
코스모신소재,005070,00129989,2025-04-25,영업(잠정)실적(공정공시),영업(잠정)실적(공정공시),20250425800305
코스모신소재,005070,00129989,2025-04-07,주식등의대량보유상황보고서(일반),주식등의대량보유상황보고서(일반),20250407004229
코스모신소재,005070,00129989,2025-04-01,주식등의대량보유상황보고서(약식),주식등의대량보유상황보고서(약식),20250401002872
코스모신소재,005070,00129989,2025-03-24,정기주주총회결과,정기주주총회결과,20250324800524
코스모신소재,005070,00129989,2025-03-24,사외이사의선임ㆍ해임또는중도퇴임에관한신고,사외이사의선임ㆍ해임또는중도퇴임에관한신고,20250324000499
테스,095610,00524421,2026-03-13,사업보고서 (2025.12),사업보고서 (2025.12),20260313000585
테스,095610,00524421,2026-03-13,임원ㆍ주요주주특정증권등소유상황보고서,임원ㆍ주요주주특정증권등소유상황보고서,20260313000364
테스,095610,00524421,2026-03-13,임원ㆍ주요주주특정증권등소유상황보고서,임원ㆍ주요주주특정증권등소유상황보고서,20260313000354
테스,095610,00524421,2026-03-13,감사보고서제출,감사보고서제출,20260313900300
테스,095610,00524421,2026-03-13,단일판매ㆍ공급계약체결,단일판매ㆍ공급계약체결,20260313900104
테스,095610,00524421,2026-03-10,단일판매ㆍ공급계약체결(자율공시),단일판매ㆍ공급계약체결(자율공시),20260310900617
테스,095610,00524421,2026-02-27,의결권대리행사권유참고서류,의결권대리행사권유참고서류,20260227006580
테스,095610,00524421,2026-02-27,주주총회소집공고,주주총회소집공고,20260227006575
테스,095610,00524421,2026-02-20,주주총회소집결의,주주총회소집결의,20260220900383
테스,095610,00524421,2026-02-06,매출액또는손익구조30%(대규모법인은15%)이상변동,매출액또는손익구조30%(대규모법인은15%)이상변동,20260206900167
테스,095610,00524421,2026-02-05,임원ㆍ주요주주특정증권등소유상황보고서,임원ㆍ주요주주특정증권등소유상황보고서,20260205000268
테스,095610,00524421,2026-02-02,임원ㆍ주요주주특정증권등소유상황보고서,임원ㆍ주요주주특정증권등소유상황보고서,20260202001081
테스,095610,00524421,2026-01-26,단일판매ㆍ공급계약체결(자율공시),단일판매ㆍ공급계약체결(자율공시),20260126900508
테스,095610,00524421,2026-01-13,임원ㆍ주요주주특정증권등소유상황보고서,임원ㆍ주요주주특정증권등소유상황보고서,20260113000677
테스,095610,00524421,2026-01-02,주식등의대량보유상황보고서(약식),주식등의대량보유상황보고서(약식),20260102000301
테스,095610,00524421,2026-01-02,단일판매ㆍ공급계약체결(자율공시),단일판매ㆍ공급계약체결(자율공시),20260102900196
테스,095610,00524421,2025-12-29,임원ㆍ주요주주특정증권등소유상황보고서,임원ㆍ주요주주특정증권등소유상황보고서,20251229000440
테스,095610,00524421,2025-12-29,임원ㆍ주요주주특정증권등소유상황보고서,임원ㆍ주요주주특정증권등소유상황보고서,20251229000432
테스,095610,00524421,2025-12-29,임원ㆍ주요주주특정증권등소유상황보고서,임원ㆍ주요주주특정증권등소유상황보고서,20251229000428
테스,095610,00524421,2025-12-29,임원ㆍ주요주주특정증권등소유상황보고서,임원ㆍ주요주주특정증권등소유상황보고서,20251229000427
테스,095610,00524421,2025-12-29,[기재정정]현금ㆍ현물배당결정,[기재정정]현금ㆍ현물배당결정,20251229900439
테스,095610,00524421,2025-12-29,임원ㆍ주요주주특정증권등소유상황보고서,임원ㆍ주요주주특정증권등소유상황보고서,20251229000424
테스,095610,00524421,2025-12-29,임원ㆍ주요주주특정증권등소유상황보고서,임원ㆍ주요주주특정증권등소유상황보고서,20251229000422
테스,095610,00524421,2025-12-29,임원ㆍ주요주주특정증권등소유상황보고서,임원ㆍ주요주주특정증권등소유상황보고서,20251229000419
테스,095610,00524421,2025-12-23,자기주식처분결과보고서,자기주식처분결과보고서,20251223000151
테스,095610,00524421,2025-12-17,타법인주식및출자증권취득결정,타법인주식및출자증권취득결정,20251217900389
테스,095610,00524421,2025-12-15,현금ㆍ현물배당결정,현금ㆍ현물배당결정,20251215900655
테스,095610,00524421,2025-12-15,주주명부폐쇄기간또는기준일설정,주주명부폐쇄기간또는기준일설정,20251215900660
테스,095610,00524421,2025-12-08,주요사항보고서(자기주식처분결정),주요사항보고서(자기주식처분결정),20251208000071
테스,095610,00524421,2025-12-03,주식등의대량보유상황보고서(약식),주식등의대량보유상황보고서(약식),20251203000309
테스,095610,00524421,2025-11-26,[기재정정]기업설명회(IR)개최,[기재정정]기업설명회(IR)개최,20251126900743
테스,095610,00524421,2025-11-26,기업설명회(IR)개최,기업설명회(IR)개최,20251126900687
테스,095610,00524421,2025-11-19,주식소각결정,주식소각결정,20251119900084
테스,095610,00524421,2025-11-14,분기보고서 (2025.09),분기보고서 (2025.09),20251114000586
테스,095610,00524421,2025-10-30,자기주식처분결과보고서,자기주식처분결과보고서,20251030000364
테스,095610,00524421,2025-10-30,증권발행결과(자율공시),증권발행결과(자율공시),20251030900488
테스,095610,00524421,2025-10-29,[기재정정]주요사항보고서(자기주식처분결정),[기재정정]주요사항보고서(자기주식처분결정),20251029000087
테스,095610,00524421,2025-10-29,[기재정정]주요사항보고서(교환사채권발행결정),[기재정정]주요사항보고서(교환사채권발행결정),20251029000089
테스,095610,00524421,2025-10-28,[기재정정]주요사항보고서(교환사채권발행결정),[기재정정]주요사항보고서(교환사채권발행결정),20251028000060
테스,095610,00524421,2025-10-22,주요사항보고서(자기주식처분결정),주요사항보고서(자기주식처분결정),20251022000120
테스,095610,00524421,2025-10-22,주요사항보고서(교환사채권발행결정),주요사항보고서(교환사채권발행결정),20251022000117
테스,095610,00524421,2025-10-01,주식등의대량보유상황보고서(약식),주식등의대량보유상황보고서(약식),20251001000534
테스,095610,00524421,2025-09-25,자기주식처분결과보고서,자기주식처분결과보고서,20250925000543
테스,095610,00524421,2025-09-25,증권발행결과(자율공시),증권발행결과(자율공시),20250925900514
테스,095610,00524421,2025-09-25,단일판매ㆍ공급계약체결(자율공시),단일판매ㆍ공급계약체결(자율공시),20250925900317
테스,095610,00524421,2025-09-17,[기재정정]주요사항보고서(자기주식처분결정),[기재정정]주요사항보고서(자기주식처분결정),20250917000388
테스,095610,00524421,2025-09-17,주요사항보고서(자기주식처분결정),주요사항보고서(자기주식처분결정),20250917000336
테스,095610,00524421,2025-09-17,주요사항보고서(교환사채권발행결정),주요사항보고서(교환사채권발행결정),20250917000329
테스,095610,00524421,2025-08-20,단일판매ㆍ공급계약체결(자율공시),단일판매ㆍ공급계약체결(자율공시),20250820900103
테스,095610,00524421,2025-08-19,기업설명회(IR)개최,기업설명회(IR)개최,20250819900189
테스,095610,00524421,2025-08-18,단일판매ㆍ공급계약체결(자율공시),단일판매ㆍ공급계약체결(자율공시),20250818900192
테스,095610,00524421,2025-08-14,반기보고서 (2025.06),반기보고서 (2025.06),20250814000716
테스,095610,00524421,2025-07-16,임원ㆍ주요주주특정증권등소유상황보고서,임원ㆍ주요주주특정증권등소유상황보고서,20250716000280
테스,095610,00524421,2025-07-10,주식등의대량보유상황보고서(일반),주식등의대량보유상황보고서(일반),20250710000133
테스,095610,00524421,2025-05-30,[기재정정]단일판매ㆍ공급계약체결(자율공시),[기재정정]단일판매ㆍ공급계약체결(자율공시),20250530901168
테스,095610,00524421,2025-05-19,기업설명회(IR)개최,기업설명회(IR)개최,20250519900306
테스,095610,00524421,2025-05-12,분기보고서 (2025.03),분기보고서 (2025.03),20250512000193
테스,095610,00524421,2025-04-01,주식등의대량보유상황보고서(약식),주식등의대량보유상황보고서(약식),20250401002981
테스,095610,00524421,2025-04-01,단일판매ㆍ공급계약체결(자율공시),단일판매ㆍ공급계약체결(자율공시),20250401900320
테스,095610,00524421,2025-03-24,정기주주총회결과,정기주주총회결과,20250324900330
티로보틱스,117730,00867098,2026-03-13,임원ㆍ주요주주특정증권등거래계획보고서,임원ㆍ주요주주특정증권등거래계획보고서,20260313001307
티로보틱스,117730,00867098,2026-03-11,의결권대리행사권유참고서류,의결권대리행사권유참고서류,20260311004178
티로보틱스,117730,00867098,2026-03-09,주주총회소집공고,주주총회소집공고,20260309001681
티로보틱스,117730,00867098,2026-03-06,주주총회집중일개최사유신고,주주총회집중일개최사유신고,20260306900642
티로보틱스,117730,00867098,2026-03-06,주주총회소집결의,주주총회소집결의,20260306900598
티로보틱스,117730,00867098,2026-02-13,매출액또는손익구조30%(대규모법인은15%)이상변동,매출액또는손익구조30%(대규모법인은15%)이상변동,20260213902004
티로보틱스,117730,00867098,2026-02-13,파생상품거래손실발생,파생상품거래손실발생,20260213901999
티로보틱스,117730,00867098,2026-01-29,금전대여결정,금전대여결정,20260129900798
티로보틱스,117730,00867098,2026-01-28,임원ㆍ주요주주특정증권등소유상황보고서,임원ㆍ주요주주특정증권등소유상황보고서,20260128000512
티로보틱스,117730,00867098,2026-01-13,전환청구권행사,전환청구권행사,20260113900494
티로보틱스,117730,00867098,2026-01-09,주식등의대량보유상황보고서(일반),주식등의대량보유상황보고서(일반),20260109000682
티로보틱스,117730,00867098,2025-12-30,임원ㆍ주요주주특정증권등소유상황보고서,임원ㆍ주요주주특정증권등소유상황보고서,20251230000796
티로보틱스,117730,00867098,2025-12-30,임원ㆍ주요주주특정증권등소유상황보고서,임원ㆍ주요주주특정증권등소유상황보고서,20251230000755
티로보틱스,117730,00867098,2025-12-26,주식등의대량보유상황보고서(일반),주식등의대량보유상황보고서(일반),20251226000295
티로보틱스,117730,00867098,2025-12-17,주요사항보고서(제3자의전환사채매수선택권행사),주요사항보고서(제3자의전환사채매수선택권행사),20251217000591
티로보틱스,117730,00867098,2025-12-17,주요사항보고서(전환사채매수선택권행사자지정),주요사항보고서(전환사채매수선택권행사자지정),20251217000547
티로보틱스,117730,00867098,2025-12-16,주식등의대량보유상황보고서(일반),주식등의대량보유상황보고서(일반),20251216000443
티로보틱스,117730,00867098,2025-12-16,주주명부폐쇄기간또는기준일설정,주주명부폐쇄기간또는기준일설정,20251216900804
티로보틱스,117730,00867098,2025-12-11,주요사항보고서(제3자의전환사채매수선택권행사),주요사항보고서(제3자의전환사채매수선택권행사),20251211000457
티로보틱스,117730,00867098,2025-12-11,주요사항보고서(전환사채매수선택권행사자지정),주요사항보고서(전환사채매수선택권행사자지정),20251211000451
티로보틱스,117730,00867098,2025-11-13,분기보고서 (2025.09),분기보고서 (2025.09),20251113000357
티로보틱스,117730,00867098,2025-11-04,[기재정정]단일판매ㆍ공급계약체결,[기재정정]단일판매ㆍ공급계약체결,20251104900369
티로보틱스,117730,00867098,2025-11-04,[기재정정]단일판매ㆍ공급계약체결,[기재정정]단일판매ㆍ공급계약체결,20251104900350
티로보틱스,117730,00867098,2025-11-03,[기재정정]단일판매ㆍ공급계약체결,[기재정정]단일판매ㆍ공급계약체결,20251103900745
티로보틱스,117730,00867098,2025-11-03,[기재정정]단일판매ㆍ공급계약체결,[기재정정]단일판매ㆍ공급계약체결,20251103900746
티로보틱스,117730,00867098,2025-11-03,신주인수권행사,신주인수권행사,20251103900574
티로보틱스,117730,00867098,2025-11-03,전환청구권행사,전환청구권행사,20251103900554
티로보틱스,117730,00867098,2025-10-27,전환청구권행사,전환청구권행사,20251027900432
티로보틱스,117730,00867098,2025-10-23,신주인수권행사가액의조정,신주인수권행사가액의조정,20251023900407
티로보틱스,117730,00867098,2025-10-17,주식등의대량보유상황보고서(일반),주식등의대량보유상황보고서(일반),20251017000432
티로보틱스,117730,00867098,2025-10-16,전환청구권행사,전환청구권행사,20251016900329
티로보틱스,117730,00867098,2025-10-13,전환청구권행사,전환청구권행사,20251013900469
티로보틱스,117730,00867098,2025-09-23,신주인수권부사채(해외신주인수권부사채포함)발행후만기전사채취득,신주인수권부사채(해외신주인수권부사채포함)발행후만기전사채취득,20250923900376
티로보틱스,117730,00867098,2025-08-14,파생상품거래손실발생,파생상품거래손실발생,20250814900970
티로보틱스,117730,00867098,2025-08-14,반기보고서 (2025.06),반기보고서 (2025.06),20250814000861
티로보틱스,117730,00867098,2025-07-04,주식등의대량보유상황보고서(일반),주식등의대량보유상황보고서(일반),20250704000468
티로보틱스,117730,00867098,2025-05-13,분기보고서 (2025.03),분기보고서 (2025.03),20250513000371
티로보틱스,117730,00867098,2025-04-10,주식등의대량보유상황보고서(일반),주식등의대량보유상황보고서(일반),20250410002564
티로보틱스,117730,00867098,2025-03-31,사외이사의선임ㆍ해임또는중도퇴임에관한신고,사외이사의선임ㆍ해임또는중도퇴임에관한신고,20250331003279
티로보틱스,117730,00867098,2025-03-28,[기재정정]신주인수권행사,[기재정정]신주인수권행사,20250328903392
티로보틱스,117730,00867098,2025-03-28,[기재정정]신주인수권행사,[기재정정]신주인수권행사,20250328903292
티로보틱스,117730,00867098,2025-03-28,정기주주총회결과,정기주주총회결과,20250328902677
티로보틱스,117730,00867098,2025-03-24,신주인수권부사채(해외신주인수권부사채포함)발행후만기전사채취득,신주인수권부사채(해외신주인수권부사채포함)발행후만기전사채취득,20250324900808
티로보틱스,117730,00867098,2025-03-24,신주인수권행사가액의조정,신주인수권행사가액의조정,20250324900761
티로보틱스,117730,00867098,2025-03-20,사업보고서 (2024.12),사업보고서 (2024.12),20250320001413
티로보틱스,117730,00867098,2025-03-20,감사보고서제출,감사보고서제출,20250320901457
티로보틱스,117730,00867098,2025-03-20,신주인수권행사,신주인수권행사,20250320901091
티로보틱스,117730,00867098,2025-03-17,신주인수권행사,신주인수권행사,20250317900622
펩트론,087010,00415868,2026-03-10,[기재정정]주주총회소집공고,[기재정정]주주총회소집공고,20260310002776
펩트론,087010,00415868,2026-03-10,주식등의대량보유상황보고서(약식),주식등의대량보유상황보고서(약식),20260310002723
펩트론,087010,00415868,2026-03-09,의결권대리행사권유참고서류,의결권대리행사권유참고서류,20260309001647
펩트론,087010,00415868,2026-03-09,주주총회소집공고,주주총회소집공고,20260309001637
펩트론,087010,00415868,2026-03-09,주주총회소집결의,주주총회소집결의,20260309900887
펩트론,087010,00415868,2026-03-09,매출액또는손익구조30%(대규모법인은15%)이상변동,매출액또는손익구조30%(대규모법인은15%)이상변동,20260309900769
펩트론,087010,00415868,2026-02-27,기타시장안내              (시장평가 우수기업 매출액 특례적용 관련),기타시장안내              (시장평가 우수기업 매출액 특례적용 관련),20260227902156
펩트론,087010,00415868,2025-12-15,현금ㆍ현물배당을위한주주명부폐쇄(기준일)결정,현금ㆍ현물배당을위한주주명부폐쇄(기준일)결정,20251215901064
펩트론,087010,00415868,2025-12-15,주주명부폐쇄기간또는기준일설정,주주명부폐쇄기간또는기준일설정,20251215901055
펩트론,087010,00415868,2025-12-03,[기재정정]신규시설투자등,[기재정정]신규시설투자등,20251203900572
펩트론,087010,00415868,2025-12-01,[기재정정]투자판단관련주요경영사항              (플랫폼 기술 평가 계약 체결),[기재정정]투자판단관련주요경영사항              (플랫폼 기술 평가 계약 체결),20251201900944
펩트론,087010,00415868,2025-11-14,분기보고서 (2025.09),분기보고서 (2025.09),20251114001885
펩트론,087010,00415868,2025-09-22,투자판단관련주요경영사항              (표적항암 항체치료제 후보물질(PAb001-ADC) 기술이전 계약 종료 및 권리 회수),투자판단관련주요경영사항              (표적항암 항체치료제 후보물질(PAb001-ADC) 기술이전 계약 종료 및 권리 회수),20250922900507
펩트론,087010,00415868,2025-08-29,주식등의대량보유상황보고서(일반),주식등의대량보유상황보고서(일반),20250829002101
펩트론,087010,00415868,2025-08-14,반기보고서 (2025.06),반기보고서 (2025.06),20250814002997
펩트론,087010,00415868,2025-08-05,증권발행결과(자율공시),증권발행결과(자율공시),20250805900421
펩트론,087010,00415868,2025-08-05,자기주식처분결과보고서,자기주식처분결과보고서,20250805000264
펩트론,087010,00415868,2025-07-28,주요사항보고서(자기주식처분결정),주요사항보고서(자기주식처분결정),20250728000300
펩트론,087010,00415868,2025-07-28,주요사항보고서(교환사채권발행결정),주요사항보고서(교환사채권발행결정),20250728000296
펩트론,087010,00415868,2025-05-15,분기보고서 (2025.03),분기보고서 (2025.03),20250515002669
펩트론,087010,00415868,2025-04-18,투자판단관련주요경영사항(임상시험계획자진취하등)              (PND3174의 제1a상 임상시험계획 자진취하),투자판단관련주요경영사항(임상시험계획자진취하등)              (PND3174의 제1a상 임상시험계획 자진취하),20250418900617
펩트론,087010,00415868,2025-03-31,[기재정정]정기주주총회결과,[기재정정]정기주주총회결과,20250331902221
펩트론,087010,00415868,2025-03-28,[기재정정]사외이사의선임ㆍ해임또는중도퇴임에관한신고,[기재정정]사외이사의선임ㆍ해임또는중도퇴임에관한신고,20250328002117
펩트론,087010,00415868,2025-03-28,사외이사의선임ㆍ해임또는중도퇴임에관한신고,사외이사의선임ㆍ해임또는중도퇴임에관한신고,20250328001703
펩트론,087010,00415868,2025-03-28,정기주주총회결과,정기주주총회결과,20250328901860
펩트론,087010,00415868,2025-03-20,사업보고서 (2024.12),사업보고서 (2024.12),20250320000916
펩트론,087010,00415868,2025-03-20,감사보고서제출,감사보고서제출,20250320900841
펩트론,087010,00415868,2025-03-19,[기재정정]주주총회소집결의,[기재정정]주주총회소집결의,20250319900983
플리토,300080,01237434,2026-03-04,의결권대리행사권유참고서류,의결권대리행사권유참고서류,20260304001354
플리토,300080,01237434,2026-03-04,주주총회소집공고,주주총회소집공고,20260304001348
플리토,300080,01237434,2026-03-04,주주총회집중일개최사유신고,주주총회집중일개최사유신고,20260304901194
플리토,300080,01237434,2026-03-04,주주총회소집결의,주주총회소집결의,20260304901193
플리토,300080,01237434,2026-02-20,[기재정정]주식매수선택권부여에관한신고,[기재정정]주식매수선택권부여에관한신고,20260220002390
플리토,300080,01237434,2026-02-20,[기재정정]주식매수선택권부여에관한신고,[기재정정]주식매수선택권부여에관한신고,20260220002382
플리토,300080,01237434,2026-02-20,[기재정정]주식매수선택권부여에관한신고,[기재정정]주식매수선택권부여에관한신고,20260220002368
플리토,300080,01237434,2026-02-12,매출액또는손익구조30%(대규모법인은15%)이상변동,매출액또는손익구조30%(대규모법인은15%)이상변동,20260212900076
플리토,300080,01237434,2026-02-02,투자판단관련주요경영사항              (국책과제 선정(독자 AI 파운데이션 모델 프로젝트 데이터 지원 사업 선정)),투자판단관련주요경영사항              (국책과제 선정(독자 AI 파운데이션 모델 프로젝트 데이터 지원 사업 선정)),20260202902138
플리토,300080,01237434,2025-12-22,[기재정정]단일판매ㆍ공급계약체결,[기재정정]단일판매ㆍ공급계약체결,20251222900818
플리토,300080,01237434,2025-12-22,[기재정정]단일판매ㆍ공급계약체결,[기재정정]단일판매ㆍ공급계약체결,20251222900710
플리토,300080,01237434,2025-12-16,주주명부폐쇄기간또는기준일설정,주주명부폐쇄기간또는기준일설정,20251216900807
플리토,300080,01237434,2025-12-09,임원ㆍ주요주주특정증권등소유상황보고서,임원ㆍ주요주주특정증권등소유상황보고서,20251209000333
플리토,300080,01237434,2025-11-28,[기재정정]단일판매ㆍ공급계약체결,[기재정정]단일판매ㆍ공급계약체결,20251128900653
플리토,300080,01237434,2025-11-11,[기재정정]단일판매ㆍ공급계약체결,[기재정정]단일판매ㆍ공급계약체결,20251111900394
플리토,300080,01237434,2025-11-11,분기보고서 (2025.09),분기보고서 (2025.09),20251111000013
플리토,300080,01237434,2025-11-05,[기재정정]단일판매ㆍ공급계약체결,[기재정정]단일판매ㆍ공급계약체결,20251105900351
플리토,300080,01237434,2025-10-28,연결재무제표기준영업(잠정)실적(공정공시),연결재무제표기준영업(잠정)실적(공정공시),20251028900108
플리토,300080,01237434,2025-10-10,단일판매ㆍ공급계약체결,단일판매ㆍ공급계약체결,20251010900182
플리토,300080,01237434,2025-10-10,[기재정정]단일판매ㆍ공급계약체결,[기재정정]단일판매ㆍ공급계약체결,20251010900175
플리토,300080,01237434,2025-08-19,투자판단관련주요경영사항              (국책과제 선정(독자 AI 파운데이션 모델 프로젝트 데이터 지원 사업 선정)),투자판단관련주요경영사항              (국책과제 선정(독자 AI 파운데이션 모델 프로젝트 데이터 지원 사업 선정)),20250819900448
플리토,300080,01237434,2025-08-12,반기보고서 (2025.06),반기보고서 (2025.06),20250812000122
플리토,300080,01237434,2025-08-12,[기재정정]단일판매ㆍ공급계약체결,[기재정정]단일판매ㆍ공급계약체결,20250812900088
플리토,300080,01237434,2025-08-06,[기재정정]주식매수선택권부여에관한신고,[기재정정]주식매수선택권부여에관한신고,20250806000325
플리토,300080,01237434,2025-07-28,연결재무제표기준영업(잠정)실적(공정공시),연결재무제표기준영업(잠정)실적(공정공시),20250728900040
플리토,300080,01237434,2025-07-07,주식매수선택권부여에관한신고,주식매수선택권부여에관한신고,20250707000340
플리토,300080,01237434,2025-07-02,단일판매ㆍ공급계약체결,단일판매ㆍ공급계약체결,20250702900558
플리토,300080,01237434,2025-07-01,임원ㆍ주요주주특정증권등소유상황보고서,임원ㆍ주요주주특정증권등소유상황보고서,20250701000334
플리토,300080,01237434,2025-07-01,임원ㆍ주요주주특정증권등소유상황보고서,임원ㆍ주요주주특정증권등소유상황보고서,20250701000328
플리토,300080,01237434,2025-07-01,임원ㆍ주요주주특정증권등소유상황보고서,임원ㆍ주요주주특정증권등소유상황보고서,20250701000324
플리토,300080,01237434,2025-07-01,임원ㆍ주요주주특정증권등소유상황보고서,임원ㆍ주요주주특정증권등소유상황보고서,20250701000306
플리토,300080,01237434,2025-06-23,권리락              (무상증자),권리락              (무상증자),20250623900404
플리토,300080,01237434,2025-06-10,주요사항보고서(무상증자결정),주요사항보고서(무상증자결정),20250610000015
플리토,300080,01237434,2025-06-10,주권매매거래정지              (무상증자),주권매매거래정지              (무상증자),20250610900058
플리토,300080,01237434,2025-05-26,기타경영사항(자율공시)              (자기사채 (제1회 전환사채) 소각 결정 건),기타경영사항(자율공시)              (자기사채 (제1회 전환사채) 소각 결정 건),20250526900406
플리토,300080,01237434,2025-05-16,자기주식처분결과보고서,자기주식처분결과보고서,20250516000350
플리토,300080,01237434,2025-05-15,주요사항보고서(자기주식처분결정),주요사항보고서(자기주식처분결정),20250515001456
플리토,300080,01237434,2025-05-12,분기보고서 (2025.03),분기보고서 (2025.03),20250512000090
플리토,300080,01237434,2025-04-25,불성실공시법인미지정              (지정유예),불성실공시법인미지정              (지정유예),20250425901002
플리토,300080,01237434,2025-04-15,불성실공시법인지정예고              (공시불이행),불성실공시법인지정예고              (공시불이행),20250415900856
플리토,300080,01237434,2025-03-28,정기주주총회결과,정기주주총회결과,20250328900824
플리토,300080,01237434,2025-03-20,사업보고서 (2024.12),사업보고서 (2024.12),20250320000159
플리토,300080,01237434,2025-03-20,감사보고서제출,감사보고서제출,20250320900149
플리토,300080,01237434,2025-03-17,단일판매ㆍ공급계약체결,단일판매ㆍ공급계약체결,20250317901186
피에스케이,319660,01365825,2026-03-13,[기재정정]주주총회소집공고,[기재정정]주주총회소집공고,20260313000290
피에스케이,319660,01365825,2026-03-13,주주총회소집공고,주주총회소집공고,20260313000167
피에스케이,319660,01365825,2026-03-13,주주총회소집공고,주주총회소집공고,20260313000097
피에스케이,319660,01365825,2026-03-03,주식등의대량보유상황보고서(약식),주식등의대량보유상황보고서(약식),20260303002827
피에스케이,319660,01365825,2026-02-20,주주총회집중일개최사유신고,주주총회집중일개최사유신고,20260220901115
피에스케이,319660,01365825,2026-02-20,현금ㆍ현물배당결정,현금ㆍ현물배당결정,20260220901050
피에스케이,319660,01365825,2026-02-20,주주총회소집결의,주주총회소집결의,20260220901039
피에스케이,319660,01365825,2026-02-19,기업설명회(IR)개최,기업설명회(IR)개최,20260219900240
피에스케이,319660,01365825,2026-02-09,주식등의대량보유상황보고서(약식),주식등의대량보유상황보고서(약식),20260209000458
피에스케이,319660,01365825,2026-02-05,임원ㆍ주요주주특정증권등소유상황보고서,임원ㆍ주요주주특정증권등소유상황보고서,20260205000464
피에스케이,319660,01365825,2026-02-05,임원ㆍ주요주주특정증권등소유상황보고서,임원ㆍ주요주주특정증권등소유상황보고서,20260205000442
피에스케이,319660,01365825,2026-02-05,임원ㆍ주요주주특정증권등소유상황보고서,임원ㆍ주요주주특정증권등소유상황보고서,20260205000425
피에스케이,319660,01365825,2026-02-04,주식등의대량보유상황보고서(일반),주식등의대량보유상황보고서(일반),20260204000405
피에스케이,319660,01365825,2026-02-02,주식등의대량보유상황보고서(약식),주식등의대량보유상황보고서(약식),20260202001090
피에스케이,319660,01365825,2026-01-19,주식등의대량보유상황보고서(약식),주식등의대량보유상황보고서(약식),20260119000290
피에스케이,319660,01365825,2026-01-12,주식등의대량보유상황보고서(약식),주식등의대량보유상황보고서(약식),20260112000404
피에스케이,319660,01365825,2026-01-02,주식등의대량보유상황보고서(약식),주식등의대량보유상황보고서(약식),20260102000376
피에스케이,319660,01365825,2025-12-16,주주명부폐쇄기간또는기준일설정,주주명부폐쇄기간또는기준일설정,20251216900176
피에스케이,319660,01365825,2025-11-14,기업설명회(IR)개최,기업설명회(IR)개최,20251114901147
피에스케이,319660,01365825,2025-11-13,분기보고서 (2025.09),분기보고서 (2025.09),20251113000395
피에스케이,319660,01365825,2025-11-07,주식등의대량보유상황보고서(약식),주식등의대량보유상황보고서(약식),20251107000449
피에스케이,319660,01365825,2025-10-01,주식등의대량보유상황보고서(약식),주식등의대량보유상황보고서(약식),20251001000637
피에스케이,319660,01365825,2025-09-09,주식등의대량보유상황보고서(약식),주식등의대량보유상황보고서(약식),20250909000318
피에스케이,319660,01365825,2025-08-14,반기보고서 (2025.06),반기보고서 (2025.06),20250814002465
피에스케이,319660,01365825,2025-06-27,기업설명회(IR)개최,기업설명회(IR)개최,20250627900070
피에스케이,319660,01365825,2025-05-15,분기보고서 (2025.03),분기보고서 (2025.03),20250515000218
피에스케이,319660,01365825,2025-04-30,기업가치제고계획(자율공시),기업가치제고계획(자율공시),20250430900282
피에스케이,319660,01365825,2025-04-01,주식등의대량보유상황보고서(약식),주식등의대량보유상황보고서(약식),20250401004170
피에스케이,319660,01365825,2025-03-31,사외이사의선임ㆍ해임또는중도퇴임에관한신고,사외이사의선임ㆍ해임또는중도퇴임에관한신고,20250331002937
피에스케이,319660,01365825,2025-03-31,정기주주총회결과,정기주주총회결과,20250331902210
피에스케이,319660,01365825,2025-03-25,[기재정정]주주총회소집공고,[기재정정]주주총회소집공고,20250325000298
피에스케이,319660,01365825,2025-03-21,사업보고서 (2024.12),사업보고서 (2024.12),20250321001930
피에스케이,319660,01365825,2025-03-21,감사보고서제출,감사보고서제출,20250321902116
피에스케이,319660,01365825,2025-03-20,주식등의대량보유상황보고서(일반),주식등의대량보유상황보고서(일반),20250320001048
피에스케이,319660,01365825,2025-03-20,임원ㆍ주요주주특정증권등소유상황보고서,임원ㆍ주요주주특정증권등소유상황보고서,20250320000076
피에스케이,319660,01365825,2025-03-18,[기재정정]주주총회소집공고,[기재정정]주주총회소집공고,20250318000721
피엔티,137400,00612294,2026-03-04,의결권대리행사권유참고서류,의결권대리행사권유참고서류,20260304000816
피엔티,137400,00612294,2026-03-04,주주총회소집공고,주주총회소집공고,20260304000810
피엔티,137400,00612294,2026-03-04,주주총회소집결의,주주총회소집결의,20260304900686
피엔티,137400,00612294,2026-02-26,주식등의대량보유상황보고서(약식),주식등의대량보유상황보고서(약식),20260226005136
피엔티,137400,00612294,2026-02-23,매출액또는손익구조30%(대규모법인은15%)이상변동,매출액또는손익구조30%(대규모법인은15%)이상변동,20260223900442
피엔티,137400,00612294,2026-01-23,[기재정정]단일판매ㆍ공급계약체결,[기재정정]단일판매ㆍ공급계약체결,20260123900617
피엔티,137400,00612294,2026-01-15,불성실공시법인미지정              (지정유예),불성실공시법인미지정              (지정유예),20260115900532
피엔티,137400,00612294,2025-12-31,[기재정정]단일판매ㆍ공급계약체결,[기재정정]단일판매ㆍ공급계약체결,20251231900716
피엔티,137400,00612294,2025-12-31,[기재정정]단일판매ㆍ공급계약체결,[기재정정]단일판매ㆍ공급계약체결,20251231900710
피엔티,137400,00612294,2025-12-23,불성실공시법인지정예고              (공시변경),불성실공시법인지정예고              (공시변경),20251223900889
피엔티,137400,00612294,2025-12-22,임원ㆍ주요주주특정증권등소유상황보고서,임원ㆍ주요주주특정증권등소유상황보고서,20251222000225
피엔티,137400,00612294,2025-12-22,임원ㆍ주요주주특정증권등소유상황보고서,임원ㆍ주요주주특정증권등소유상황보고서,20251222000222
피엔티,137400,00612294,2025-12-22,임원ㆍ주요주주특정증권등소유상황보고서,임원ㆍ주요주주특정증권등소유상황보고서,20251222000220
피엔티,137400,00612294,2025-12-22,임원ㆍ주요주주특정증권등소유상황보고서,임원ㆍ주요주주특정증권등소유상황보고서,20251222000216
피엔티,137400,00612294,2025-12-22,주식등의대량보유상황보고서(일반),주식등의대량보유상황보고서(일반),20251222000211
피엔티,137400,00612294,2025-12-19,임원ㆍ주요주주특정증권등소유상황보고서,임원ㆍ주요주주특정증권등소유상황보고서,20251219000300
피엔티,137400,00612294,2025-12-19,임원ㆍ주요주주특정증권등소유상황보고서,임원ㆍ주요주주특정증권등소유상황보고서,20251219000297
피엔티,137400,00612294,2025-12-19,임원ㆍ주요주주특정증권등소유상황보고서,임원ㆍ주요주주특정증권등소유상황보고서,20251219000292
피엔티,137400,00612294,2025-12-19,임원ㆍ주요주주특정증권등소유상황보고서,임원ㆍ주요주주특정증권등소유상황보고서,20251219000283
피엔티,137400,00612294,2025-12-19,임원ㆍ주요주주특정증권등소유상황보고서,임원ㆍ주요주주특정증권등소유상황보고서,20251219000275
피엔티,137400,00612294,2025-12-17,자기주식처분결과보고서,자기주식처분결과보고서,20251217000530
피엔티,137400,00612294,2025-12-17,임원ㆍ주요주주특정증권등소유상황보고서,임원ㆍ주요주주특정증권등소유상황보고서,20251217000454
피엔티,137400,00612294,2025-12-17,임원ㆍ주요주주특정증권등소유상황보고서,임원ㆍ주요주주특정증권등소유상황보고서,20251217000437
피엔티,137400,00612294,2025-12-12,증권발행결과(자율공시),증권발행결과(자율공시),20251212901274
피엔티,137400,00612294,2025-12-10,현금ㆍ현물배당결정,현금ㆍ현물배당결정,20251210900726
피엔티,137400,00612294,2025-12-10,현금ㆍ현물배당을위한주주명부폐쇄(기준일)결정,현금ㆍ현물배당을위한주주명부폐쇄(기준일)결정,20251210900718
피엔티,137400,00612294,2025-12-10,주주명부폐쇄기간또는기준일설정,주주명부폐쇄기간또는기준일설정,20251210900708
피엔티,137400,00612294,2025-12-10,[기재정정]주요사항보고서(자기주식처분결정),[기재정정]주요사항보고서(자기주식처분결정),20251210000470
피엔티,137400,00612294,2025-12-10,[기재정정]주요사항보고서(교환사채권발행결정),[기재정정]주요사항보고서(교환사채권발행결정),20251210000435
피엔티,137400,00612294,2025-12-04,주요사항보고서(자기주식처분결정),주요사항보고서(자기주식처분결정),20251204000445
피엔티,137400,00612294,2025-12-04,주식소각결정,주식소각결정,20251204900549
피엔티,137400,00612294,2025-12-04,주요사항보고서(자기주식처분결정),주요사항보고서(자기주식처분결정),20251204000440
피엔티,137400,00612294,2025-12-04,주요사항보고서(교환사채권발행결정),주요사항보고서(교환사채권발행결정),20251204000437
피엔티,137400,00612294,2025-11-24,신탁계약해지결과보고서,신탁계약해지결과보고서,20251124000276
피엔티,137400,00612294,2025-11-17,[기재정정]단일판매ㆍ공급계약체결,[기재정정]단일판매ㆍ공급계약체결,20251117900557
피엔티,137400,00612294,2025-11-11,분기보고서 (2025.09),분기보고서 (2025.09),20251111000095
피엔티,137400,00612294,2025-10-29,[기재정정]단일판매ㆍ공급계약체결,[기재정정]단일판매ㆍ공급계약체결,20251029900692
피엔티,137400,00612294,2025-09-09,기업설명회(IR)개최,기업설명회(IR)개최,20250909900055
피엔티,137400,00612294,2025-08-26,신탁계약에의한취득상황보고서,신탁계약에의한취득상황보고서,20250826000412
피엔티,137400,00612294,2025-08-11,[기재정정]분기보고서 (2025.03),[기재정정]분기보고서 (2025.03),20250811000097
피엔티,137400,00612294,2025-08-11,[기재정정]사업보고서 (2024.12),[기재정정]사업보고서 (2024.12),20250811000092
피엔티,137400,00612294,2025-08-11,반기보고서 (2025.06),반기보고서 (2025.06),20250811000077
피엔티,137400,00612294,2025-07-25,[기재정정]단일판매ㆍ공급계약체결,[기재정정]단일판매ㆍ공급계약체결,20250725900687
피엔티,137400,00612294,2025-07-03,기업설명회(IR)개최,기업설명회(IR)개최,20250703900053
피엔티,137400,00612294,2025-06-09,기업설명회(IR)개최,기업설명회(IR)개최,20250609900091
피엔티,137400,00612294,2025-05-23,주요사항보고서(자기주식취득신탁계약체결결정),주요사항보고서(자기주식취득신탁계약체결결정),20250523000121
피엔티,137400,00612294,2025-05-13,분기보고서 (2025.03),분기보고서 (2025.03),20250513000143
피엔티,137400,00612294,2025-03-28,[기재정정]단일판매ㆍ공급계약체결,[기재정정]단일판매ㆍ공급계약체결,20250328903646
피엔티,137400,00612294,2025-03-25,사외이사의선임ㆍ해임또는중도퇴임에관한신고,사외이사의선임ㆍ해임또는중도퇴임에관한신고,20250325000792
피엔티,137400,00612294,2025-03-25,정기주주총회결과,정기주주총회결과,20250325900794
피엔티,137400,00612294,2025-03-17,사업보고서 (2024.12),사업보고서 (2024.12),20250317000289
피엔티,137400,00612294,2025-03-17,감사보고서제출,감사보고서제출,20250317900206
한글과컴퓨터,030520,00204262,2026-03-10,의결권대리행사권유참고서류,의결권대리행사권유참고서류,20260310002313
한글과컴퓨터,030520,00204262,2026-03-10,주주총회소집공고,주주총회소집공고,20260310002303
한글과컴퓨터,030520,00204262,2026-03-09,[기재정정]주주총회소집결의,[기재정정]주주총회소집결의,20260309900344
한글과컴퓨터,030520,00204262,2026-02-23,주주총회소집결의,주주총회소집결의,20260223900507
한글과컴퓨터,030520,00204262,2026-02-23,현금ㆍ현물배당결정,현금ㆍ현물배당결정,20260223900502
한글과컴퓨터,030520,00204262,2026-02-23,매출액또는손익구조30%(대규모법인은15%)이상변동,매출액또는손익구조30%(대규모법인은15%)이상변동,20260223900497
한글과컴퓨터,030520,00204262,2026-02-13,임원ㆍ주요주주특정증권등소유상황보고서,임원ㆍ주요주주특정증권등소유상황보고서,20260213001839
한글과컴퓨터,030520,00204262,2026-02-05,신탁계약에의한취득상황보고서,신탁계약에의한취득상황보고서,20260205000426
한글과컴퓨터,030520,00204262,2026-01-12,주식등의대량보유상황보고서(일반),주식등의대량보유상황보고서(일반),20260112000470
한글과컴퓨터,030520,00204262,2026-01-08,임원ㆍ주요주주특정증권등소유상황보고서,임원ㆍ주요주주특정증권등소유상황보고서,20260108000421
한글과컴퓨터,030520,00204262,2026-01-02,주식등의대량보유상황보고서(약식),주식등의대량보유상황보고서(약식),20260102000252
한글과컴퓨터,030520,00204262,2025-12-15,현금ㆍ현물배당을위한주주명부폐쇄(기준일)결정,현금ㆍ현물배당을위한주주명부폐쇄(기준일)결정,20251215900172
한글과컴퓨터,030520,00204262,2025-12-15,주주명부폐쇄기간또는기준일설정,주주명부폐쇄기간또는기준일설정,20251215900168
한글과컴퓨터,030520,00204262,2025-11-12,분기보고서 (2025.09),분기보고서 (2025.09),20251112000078
한글과컴퓨터,030520,00204262,2025-11-07,임원ㆍ주요주주특정증권등소유상황보고서,임원ㆍ주요주주특정증권등소유상황보고서,20251107000341
한글과컴퓨터,030520,00204262,2025-11-05,주요사항보고서(자기주식취득신탁계약체결결정),주요사항보고서(자기주식취득신탁계약체결결정),20251105000057
한글과컴퓨터,030520,00204262,2025-09-19,임원ㆍ주요주주특정증권등소유상황보고서,임원ㆍ주요주주특정증권등소유상황보고서,20250919000389
한글과컴퓨터,030520,00204262,2025-09-19,주식등의대량보유상황보고서(일반),주식등의대량보유상황보고서(일반),20250919000382
한글과컴퓨터,030520,00204262,2025-09-19,[기재정정]임원ㆍ주요주주특정증권등소유상황보고서,[기재정정]임원ㆍ주요주주특정증권등소유상황보고서,20250919000373
한글과컴퓨터,030520,00204262,2025-09-19,[기재정정]주식등의대량보유상황보고서(일반),[기재정정]주식등의대량보유상황보고서(일반),20250919000371
한글과컴퓨터,030520,00204262,2025-09-05,임원ㆍ주요주주특정증권등소유상황보고서,임원ㆍ주요주주특정증권등소유상황보고서,20250905000424
한글과컴퓨터,030520,00204262,2025-09-05,주식등의대량보유상황보고서(일반),주식등의대량보유상황보고서(일반),20250905000402
한글과컴퓨터,030520,00204262,2025-08-14,임원ㆍ주요주주특정증권등소유상황보고서,임원ㆍ주요주주특정증권등소유상황보고서,20250814004106
한글과컴퓨터,030520,00204262,2025-08-14,주식등의대량보유상황보고서(일반),주식등의대량보유상황보고서(일반),20250814004089
한글과컴퓨터,030520,00204262,2025-08-14,반기보고서 (2025.06),반기보고서 (2025.06),20250814001218
한글과컴퓨터,030520,00204262,2025-08-07,임원ㆍ주요주주특정증권등소유상황보고서,임원ㆍ주요주주특정증권등소유상황보고서,20250807000272
한글과컴퓨터,030520,00204262,2025-07-25,임원ㆍ주요주주특정증권등소유상황보고서,임원ㆍ주요주주특정증권등소유상황보고서,20250725000571
한글과컴퓨터,030520,00204262,2025-07-25,주식등의대량보유상황보고서(일반),주식등의대량보유상황보고서(일반),20250725000554
한글과컴퓨터,030520,00204262,2025-07-10,주요사항보고서(자기주식처분결정),주요사항보고서(자기주식처분결정),20250710000459
한글과컴퓨터,030520,00204262,2025-07-10,임원ㆍ주요주주특정증권등소유상황보고서,임원ㆍ주요주주특정증권등소유상황보고서,20250710000428
한글과컴퓨터,030520,00204262,2025-07-10,임원ㆍ주요주주특정증권등소유상황보고서,임원ㆍ주요주주특정증권등소유상황보고서,20250710000420
한글과컴퓨터,030520,00204262,2025-07-03,[기재정정]주요사항보고서(자기주식처분결정),[기재정정]주요사항보고서(자기주식처분결정),20250703000283
한글과컴퓨터,030520,00204262,2025-07-02,주식등의대량보유상황보고서(약식),주식등의대량보유상황보고서(약식),20250702000054
한글과컴퓨터,030520,00204262,2025-06-26,임원ㆍ주요주주특정증권등소유상황보고서,임원ㆍ주요주주특정증권등소유상황보고서,20250626000438
한글과컴퓨터,030520,00204262,2025-06-26,임원ㆍ주요주주특정증권등소유상황보고서,임원ㆍ주요주주특정증권등소유상황보고서,20250626000420
한글과컴퓨터,030520,00204262,2025-06-26,주요사항보고서(자기주식처분결정),주요사항보고서(자기주식처분결정),20250626000393
한글과컴퓨터,030520,00204262,2025-06-19,주식등의대량보유상황보고서(일반),주식등의대량보유상황보고서(일반),20250619000273
한글과컴퓨터,030520,00204262,2025-06-19,임원ㆍ주요주주특정증권등소유상황보고서,임원ㆍ주요주주특정증권등소유상황보고서,20250619000261
한글과컴퓨터,030520,00204262,2025-06-19,임원ㆍ주요주주특정증권등소유상황보고서,임원ㆍ주요주주특정증권등소유상황보고서,20250619000251
한글과컴퓨터,030520,00204262,2025-06-19,임원ㆍ주요주주특정증권등소유상황보고서,임원ㆍ주요주주특정증권등소유상황보고서,20250619000240
한글과컴퓨터,030520,00204262,2025-06-19,임원ㆍ주요주주특정증권등소유상황보고서,임원ㆍ주요주주특정증권등소유상황보고서,20250619000229
한글과컴퓨터,030520,00204262,2025-06-19,임원ㆍ주요주주특정증권등소유상황보고서,임원ㆍ주요주주특정증권등소유상황보고서,20250619000223
한글과컴퓨터,030520,00204262,2025-06-19,임원ㆍ주요주주특정증권등소유상황보고서,임원ㆍ주요주주특정증권등소유상황보고서,20250619000212
한글과컴퓨터,030520,00204262,2025-06-19,임원ㆍ주요주주특정증권등소유상황보고서,임원ㆍ주요주주특정증권등소유상황보고서,20250619000199
한글과컴퓨터,030520,00204262,2025-06-19,주요사항보고서(자기주식처분결정),주요사항보고서(자기주식처분결정),20250619000174
한글과컴퓨터,030520,00204262,2025-06-12,주식등의대량보유상황보고서(일반),주식등의대량보유상황보고서(일반),20250612000340
한글과컴퓨터,030520,00204262,2025-06-12,최대주주변경을수반하는주식담보제공계약해제ㆍ취소등,최대주주변경을수반하는주식담보제공계약해제ㆍ취소등,20250612900205
한글과컴퓨터,030520,00204262,2025-06-04,주식등의대량보유상황보고서(일반),주식등의대량보유상황보고서(일반),20250604000237
한글과컴퓨터,030520,00204262,2025-06-04,임원ㆍ주요주주특정증권등소유상황보고서,임원ㆍ주요주주특정증권등소유상황보고서,20250604000228
한글과컴퓨터,030520,00204262,2025-05-27,주식등의대량보유상황보고서(일반),주식등의대량보유상황보고서(일반),20250527000529
한글과컴퓨터,030520,00204262,2025-05-27,임원ㆍ주요주주특정증권등소유상황보고서,임원ㆍ주요주주특정증권등소유상황보고서,20250527000522
한글과컴퓨터,030520,00204262,2025-05-20,임원ㆍ주요주주특정증권등소유상황보고서,임원ㆍ주요주주특정증권등소유상황보고서,20250520000267
한글과컴퓨터,030520,00204262,2025-05-12,분기보고서 (2025.03),분기보고서 (2025.03),20250512000128
한글과컴퓨터,030520,00204262,2025-04-01,임원ㆍ주요주주특정증권등거래계획보고서,임원ㆍ주요주주특정증권등거래계획보고서,20250401004002
한글과컴퓨터,030520,00204262,2025-03-27,주식매수선택권부여에관한신고,주식매수선택권부여에관한신고,20250327000338
한글과컴퓨터,030520,00204262,2025-03-27,정기주주총회결과,정기주주총회결과,20250327900322
한글과컴퓨터,030520,00204262,2025-03-21,임원ㆍ주요주주특정증권등소유상황보고서,임원ㆍ주요주주특정증권등소유상황보고서,20250321000494
한글과컴퓨터,030520,00204262,2025-03-19,[기재정정]주주총회소집공고,[기재정정]주주총회소집공고,20250319000916
한글과컴퓨터,030520,00204262,2025-03-19,사업보고서 (2024.12),사업보고서 (2024.12),20250319000886
한글과컴퓨터,030520,00204262,2025-03-19,감사보고서제출,감사보고서제출,20250319900978
한미반도체,042700,00161383,2026-03-12,사업보고서 (2025.12),사업보고서 (2025.12),20260312001230
한미반도체,042700,00161383,2026-03-12,감사보고서제출,감사보고서제출,20260312801896
한미반도체,042700,00161383,2026-03-09,기업설명회(IR)개최(안내공시),기업설명회(IR)개최(안내공시),20260309800111
한미반도체,042700,00161383,2026-03-05,주주총회소집공고,주주총회소집공고,20260305001244
한미반도체,042700,00161383,2026-03-05,주주총회소집결의,주주총회소집결의,20260305801203
한미반도체,042700,00161383,2026-03-03,기업설명회(IR)개최(안내공시),기업설명회(IR)개최(안내공시),20260303800141
한미반도체,042700,00161383,2026-03-03,기업설명회(IR)개최(안내공시),기업설명회(IR)개최(안내공시),20260303800140
한미반도체,042700,00161383,2026-02-23,기업설명회(IR)개최(안내공시),기업설명회(IR)개최(안내공시),20260223800137
한미반도체,042700,00161383,2026-02-23,기업설명회(IR)개최(안내공시),기업설명회(IR)개최(안내공시),20260223800136
한미반도체,042700,00161383,2026-02-11,주식등의대량보유상황보고서(약식),주식등의대량보유상황보고서(약식),20260211000912
한미반도체,042700,00161383,2026-02-11,현금ㆍ현물배당결정,현금ㆍ현물배당결정,20260211800153
한미반도체,042700,00161383,2026-02-06,기업설명회(IR)개최(안내공시),기업설명회(IR)개최(안내공시),20260206802517
한미반도체,042700,00161383,2026-02-06,기업설명회(IR)개최(안내공시),기업설명회(IR)개최(안내공시),20260206802511
한미반도체,042700,00161383,2026-02-06,연결재무제표기준영업(잠정)실적(공정공시),연결재무제표기준영업(잠정)실적(공정공시),20260206802414
한미반도체,042700,00161383,2026-02-06,매출액또는손익구조30%(대규모법인은15%)이상변경,매출액또는손익구조30%(대규모법인은15%)이상변경,20260206802407
한미반도체,042700,00161383,2026-01-14,단일판매ㆍ공급계약체결(자율공시),단일판매ㆍ공급계약체결(자율공시),20260114800028
한미반도체,042700,00161383,2026-01-02,수시공시의무관련사항(공정공시),수시공시의무관련사항(공정공시),20260102800120
한미반도체,042700,00161383,2025-12-30,임원ㆍ주요주주특정증권등소유상황보고서,임원ㆍ주요주주특정증권등소유상황보고서,20251230000226
한미반도체,042700,00161383,2025-12-30,기업설명회(IR)개최(안내공시),기업설명회(IR)개최(안내공시),20251230800053
한미반도체,042700,00161383,2025-12-26,기업가치제고계획(자율공시),기업가치제고계획(자율공시),20251226800082
한미반도체,042700,00161383,2025-12-15,주주명부폐쇄기간또는기준일설정,주주명부폐쇄기간또는기준일설정,20251215800041
한미반도체,042700,00161383,2025-12-10,주식등의대량보유상황보고서(일반),주식등의대량보유상황보고서(일반),20251210000498
한미반도체,042700,00161383,2025-12-10,기업설명회(IR)개최(안내공시),기업설명회(IR)개최(안내공시),20251210800024
한미반도체,042700,00161383,2025-12-04,임원ㆍ주요주주특정증권등거래계획보고서,임원ㆍ주요주주특정증권등거래계획보고서,20251204000249
한미반도체,042700,00161383,2025-11-27,유형자산취득결정,유형자산취득결정,20251127800920
한미반도체,042700,00161383,2025-11-27,기업설명회(IR)개최(안내공시),기업설명회(IR)개최(안내공시),20251127800265
한미반도체,042700,00161383,2025-11-26,임원ㆍ주요주주특정증권등소유상황보고서,임원ㆍ주요주주특정증권등소유상황보고서,20251126000048
한미반도체,042700,00161383,2025-11-17,단일판매ㆍ공급계약체결(자율공시),단일판매ㆍ공급계약체결(자율공시),20251117800179
한미반도체,042700,00161383,2025-11-14,기업설명회(IR)개최(안내공시),기업설명회(IR)개최(안내공시),20251114803222
한미반도체,042700,00161383,2025-11-14,기업설명회(IR)개최(안내공시),기업설명회(IR)개최(안내공시),20251114803217
한미반도체,042700,00161383,2025-11-14,분기보고서 (2025.09),분기보고서 (2025.09),20251114003005
한미반도체,042700,00161383,2025-10-31,기업설명회(IR)개최(안내공시),기업설명회(IR)개최(안내공시),20251031800938
한미반도체,042700,00161383,2025-10-31,기업설명회(IR)개최(안내공시),기업설명회(IR)개최(안내공시),20251031800935
한미반도체,042700,00161383,2025-10-31,연결재무제표기준영업(잠정)실적(공정공시),연결재무제표기준영업(잠정)실적(공정공시),20251031800898
한미반도체,042700,00161383,2025-10-29,임원ㆍ주요주주특정증권등거래계획보고서,임원ㆍ주요주주특정증권등거래계획보고서,20251029000100
한미반도체,042700,00161383,2025-10-02,기타경영사항(자율공시),기타경영사항(자율공시),20251002800046
한미반도체,042700,00161383,2025-09-17,임시주주총회결과,임시주주총회결과,20250917800392
한미반도체,042700,00161383,2025-09-09,기업설명회(IR)개최(안내공시),기업설명회(IR)개최(안내공시),20250909800041
한미반도체,042700,00161383,2025-09-09,기업설명회(IR)개최(안내공시),기업설명회(IR)개최(안내공시),20250909800040
한미반도체,042700,00161383,2025-09-09,기업설명회(IR)개최(안내공시),기업설명회(IR)개최(안내공시),20250909800038
한미반도체,042700,00161383,2025-09-02,주주총회소집공고,주주총회소집공고,20250902000283
한미반도체,042700,00161383,2025-09-01,기업설명회(IR)개최(안내공시),기업설명회(IR)개최(안내공시),20250901800272
한미반도체,042700,00161383,2025-08-20,기업설명회(IR)개최(안내공시),기업설명회(IR)개최(안내공시),20250820800024
한미반도체,042700,00161383,2025-08-20,기업설명회(IR)개최(안내공시),기업설명회(IR)개최(안내공시),20250820800023
한미반도체,042700,00161383,2025-08-14,반기보고서 (2025.06),반기보고서 (2025.06),20250814002985
한미반도체,042700,00161383,2025-08-06,주주명부폐쇄기간또는기준일설정,주주명부폐쇄기간또는기준일설정,20250806800537
한미반도체,042700,00161383,2025-08-06,주주총회소집결의,주주총회소집결의,20250806800502
한미반도체,042700,00161383,2025-07-28,기업설명회(IR)개최(안내공시),기업설명회(IR)개최(안내공시),20250728800043
한미반도체,042700,00161383,2025-07-25,연결재무제표기준영업(잠정)실적(공정공시),연결재무제표기준영업(잠정)실적(공정공시),20250725800047
한미반도체,042700,00161383,2025-07-21,기업설명회(IR)개최(안내공시),기업설명회(IR)개최(안내공시),20250721800118
한미반도체,042700,00161383,2025-07-03,기업설명회(IR)개최(안내공시),기업설명회(IR)개최(안내공시),20250703800054
한미반도체,042700,00161383,2025-06-30,기업가치제고계획(자율공시),기업가치제고계획(자율공시),20250630800054
한미반도체,042700,00161383,2025-06-20,신규시설투자등(자율공시),신규시설투자등(자율공시),20250620800077
한미반도체,042700,00161383,2025-05-30,기업지배구조보고서공시,기업지배구조보고서공시,20250530801174
한미반도체,042700,00161383,2025-05-28,단일판매ㆍ공급계약체결(자율공시),단일판매ㆍ공급계약체결(자율공시),20250528800084
한미반도체,042700,00161383,2025-05-22,최대주주등소유주식변동신고서,최대주주등소유주식변동신고서,20250522800087
한미반도체,042700,00161383,2025-05-22,주식등의대량보유상황보고서(일반),주식등의대량보유상황보고서(일반),20250522000095
한미반도체,042700,00161383,2025-05-22,임원ㆍ주요주주특정증권등소유상황보고서,임원ㆍ주요주주특정증권등소유상황보고서,20250522000093
한미반도체,042700,00161383,2025-05-19,주식소각결정,주식소각결정,20250519800046
한미반도체,042700,00161383,2025-05-16,단일판매ㆍ공급계약체결,단일판매ㆍ공급계약체결,20250516800319
한미반도체,042700,00161383,2025-05-16,기업설명회(IR)개최(안내공시),기업설명회(IR)개최(안내공시),20250516800191
한미반도체,042700,00161383,2025-05-16,기업설명회(IR)개최(안내공시),기업설명회(IR)개최(안내공시),20250516800189
한미반도체,042700,00161383,2025-05-15,분기보고서 (2025.03),분기보고서 (2025.03),20250515000846
한미반도체,042700,00161383,2025-05-12,신탁계약해지결과보고서,신탁계약해지결과보고서,20250512000584
한미반도체,042700,00161383,2025-05-12,주요사항보고서(자기주식취득신탁계약해지결정),주요사항보고서(자기주식취득신탁계약해지결정),20250512000550
한미반도체,042700,00161383,2025-04-28,기업설명회(IR)개최(안내공시),기업설명회(IR)개최(안내공시),20250428800097
한미반도체,042700,00161383,2025-04-22,임원ㆍ주요주주특정증권등거래계획보고서,임원ㆍ주요주주특정증권등거래계획보고서,20250422000119
한미반도체,042700,00161383,2025-04-18,[기재정정]기업설명회(IR)개최(안내공시),[기재정정]기업설명회(IR)개최(안내공시),20250418800934
한미반도체,042700,00161383,2025-04-15,임원ㆍ주요주주특정증권등소유상황보고서,임원ㆍ주요주주특정증권등소유상황보고서,20250415000052
한미반도체,042700,00161383,2025-04-14,기업설명회(IR)개최(안내공시),기업설명회(IR)개최(안내공시),20250414800130
한미반도체,042700,00161383,2025-04-11,주식등의대량보유상황보고서(일반),주식등의대량보유상황보고서(일반),20250411003267
한미반도체,042700,00161383,2025-04-11,기업가치제고계획(자율공시),기업가치제고계획(자율공시),20250411800234
한미반도체,042700,00161383,2025-03-31,연결재무제표기준영업실적등에대한전망(공정공시),연결재무제표기준영업실적등에대한전망(공정공시),20250331800069
한미반도체,042700,00161383,2025-03-25,신탁계약해지결과보고서,신탁계약해지결과보고서,20250325000945
한미반도체,042700,00161383,2025-03-24,주요사항보고서(자기주식취득신탁계약해지결정),주요사항보고서(자기주식취득신탁계약해지결정),20250324000703
한미반도체,042700,00161383,2025-03-21,사외이사의선임ㆍ해임또는중도퇴임에관한신고,사외이사의선임ㆍ해임또는중도퇴임에관한신고,20250321000431
한미반도체,042700,00161383,2025-03-21,정기주주총회결과,정기주주총회결과,20250321800330
한미반도체,042700,00161383,2025-03-17,임원ㆍ주요주주특정증권등거래계획보고서,임원ㆍ주요주주특정증권등거래계획보고서,20250317000007
현대무벡스,319400,01358463,2026-03-11,의결권대리행사권유참고서류,의결권대리행사권유참고서류,20260311004168
현대무벡스,319400,01358463,2026-03-11,주주총회소집공고,주주총회소집공고,20260311004140
현대무벡스,319400,01358463,2026-03-05,현금ㆍ현물배당결정,현금ㆍ현물배당결정,20260305901330
현대무벡스,319400,01358463,2026-03-05,주주총회소집결의,주주총회소집결의,20260305901326
현대무벡스,319400,01358463,2026-03-05,[기재정정]매출액또는손익구조30%(대규모법인은15%)이상변동,[기재정정]매출액또는손익구조30%(대규모법인은15%)이상변동,20260305901304
현대무벡스,319400,01358463,2026-02-27,[기재정정]단일판매ㆍ공급계약체결,[기재정정]단일판매ㆍ공급계약체결,20260227901546
현대무벡스,319400,01358463,2026-02-12,임원ㆍ주요주주특정증권등거래계획보고서,임원ㆍ주요주주특정증권등거래계획보고서,20260212001571
현대무벡스,319400,01358463,2026-02-05,단기차입금증가결정,단기차입금증가결정,20260205900893
현대무벡스,319400,01358463,2026-02-05,매출액또는손익구조30%(대규모법인은15%)이상변동,매출액또는손익구조30%(대규모법인은15%)이상변동,20260205900861
현대무벡스,319400,01358463,2025-12-30,[기재정정]금전대여결정,[기재정정]금전대여결정,20251230900910
현대무벡스,319400,01358463,2025-12-01,단일판매ㆍ공급계약체결,단일판매ㆍ공급계약체결,20251201900305
현대무벡스,319400,01358463,2025-11-14,분기보고서 (2025.09),분기보고서 (2025.09),20251114002076
현대무벡스,319400,01358463,2025-11-03,자기주식처분결과보고서,자기주식처분결과보고서,20251103000257
현대무벡스,319400,01358463,2025-11-03,[기재정정]단일판매ㆍ공급계약체결,[기재정정]단일판매ㆍ공급계약체결,20251103900536
현대무벡스,319400,01358463,2025-10-31,임원ㆍ주요주주특정증권등소유상황보고서,임원ㆍ주요주주특정증권등소유상황보고서,20251031000487
현대무벡스,319400,01358463,2025-10-31,주식등의대량보유상황보고서(일반),주식등의대량보유상황보고서(일반),20251031000481
현대무벡스,319400,01358463,2025-09-24,임원ㆍ주요주주특정증권등거래계획보고서,임원ㆍ주요주주특정증권등거래계획보고서,20250924000311
현대무벡스,319400,01358463,2025-08-13,반기보고서 (2025.06),반기보고서 (2025.06),20250813001630
현대무벡스,319400,01358463,2025-08-07,[기재정정]단일판매ㆍ공급계약체결,[기재정정]단일판매ㆍ공급계약체결,20250807900204
현대무벡스,319400,01358463,2025-08-07,주요사항보고서(자기주식처분결정),주요사항보고서(자기주식처분결정),20250807000150
현대무벡스,319400,01358463,2025-08-01,주식등의대량보유상황보고서(일반),주식등의대량보유상황보고서(일반),20250801001045
현대무벡스,319400,01358463,2025-08-01,임원ㆍ주요주주특정증권등소유상황보고서,임원ㆍ주요주주특정증권등소유상황보고서,20250801001031
현대무벡스,319400,01358463,2025-07-25,주식매수선택권행사,주식매수선택권행사,20250725900633
현대무벡스,319400,01358463,2025-06-30,[기재정정]단일판매ㆍ공급계약체결,[기재정정]단일판매ㆍ공급계약체결,20250630900693
현대무벡스,319400,01358463,2025-06-16,신탁계약해지결과보고서,신탁계약해지결과보고서,20250616000275
현대무벡스,319400,01358463,2025-06-09,주요사항보고서(자기주식취득신탁계약해지결정),주요사항보고서(자기주식취득신탁계약해지결정),20250609000274
현대무벡스,319400,01358463,2025-05-15,분기보고서 (2025.03),분기보고서 (2025.03),20250515002818
현대무벡스,319400,01358463,2025-04-28,단일판매ㆍ공급계약체결,단일판매ㆍ공급계약체결,20250428900156
현대무벡스,319400,01358463,2025-03-27,사외이사의선임ㆍ해임또는중도퇴임에관한신고,사외이사의선임ㆍ해임또는중도퇴임에관한신고,20250327001131
현대무벡스,319400,01358463,2025-03-27,정기주주총회결과,정기주주총회결과,20250327901230
현대무벡스,319400,01358463,2025-03-26,단일판매ㆍ공급계약체결,단일판매ㆍ공급계약체결,20250326900185
현대무벡스,319400,01358463,2025-03-18,사업보고서 (2024.12),사업보고서 (2024.12),20250318001331
현대무벡스,319400,01358463,2025-03-18,감사보고서제출,감사보고서제출,20250318901675
후성,093370,00595191,2026-03-05,의결권대리행사권유참고서류,의결권대리행사권유참고서류,20260305001448
후성,093370,00595191,2026-03-05,주주총회소집공고,주주총회소집공고,20260305001435
후성,093370,00595191,2026-02-27,주주총회소집결의,주주총회소집결의,20260227801924
후성,093370,00595191,2026-02-09,매출액또는손익구조30%(대규모법인은15%)이상변경,매출액또는손익구조30%(대규모법인은15%)이상변경,20260209801371
후성,093370,00595191,2025-12-26,유상증자결정(종속회사의주요경영사항),유상증자결정(종속회사의주요경영사항),20251226800712
후성,093370,00595191,2025-12-24,금전대여결정,금전대여결정,20251224800717
후성,093370,00595191,2025-12-23,유상증자또는주식관련사채등의발행결과(자율공시),유상증자또는주식관련사채등의발행결과(자율공시),20251223800728
후성,093370,00595191,2025-12-15,주요사항보고서(교환사채권발행결정),주요사항보고서(교환사채권발행결정),20251215000358
후성,093370,00595191,2025-11-14,분기보고서 (2025.09),분기보고서 (2025.09),20251114002538
후성,093370,00595191,2025-11-11,금전대여결정,금전대여결정,20251111800438
후성,093370,00595191,2025-11-05,유상증자또는주식관련사채등의발행결과(자율공시),유상증자또는주식관련사채등의발행결과(자율공시),20251105800612
후성,093370,00595191,2025-11-03,자기주식처분결과보고서,자기주식처분결과보고서,20251103000289
후성,093370,00595191,2025-10-30,주요사항보고서(자기주식처분결정),주요사항보고서(자기주식처분결정),20251030000540
후성,093370,00595191,2025-10-23,주요사항보고서(전환사채권발행결정),주요사항보고서(전환사채권발행결정),20251023000318
후성,093370,00595191,2025-10-02,주식등의대량보유상황보고서(일반),주식등의대량보유상황보고서(일반),20251002000539
후성,093370,00595191,2025-08-29,임원ㆍ주요주주특정증권등소유상황보고서,임원ㆍ주요주주특정증권등소유상황보고서,20250829002141
후성,093370,00595191,2025-08-29,최대주주등소유주식변동신고서,최대주주등소유주식변동신고서,20250829800823
후성,093370,00595191,2025-08-29,주식등의대량보유상황보고서(일반),주식등의대량보유상황보고서(일반),20250829002110
후성,093370,00595191,2025-08-14,반기보고서 (2025.06),반기보고서 (2025.06),20250814003972
후성,093370,00595191,2025-07-02,주식등의대량보유상황보고서(약식),주식등의대량보유상황보고서(약식),20250702000159
후성,093370,00595191,2025-06-02,기업지배구조보고서공시,기업지배구조보고서공시,20250602800333
후성,093370,00595191,2025-05-15,분기보고서 (2025.03),분기보고서 (2025.03),20250515002619
후성,093370,00595191,2025-03-25,정기주주총회결과,정기주주총회결과,20250325801070
후성,093370,00595191,2025-03-17,사업보고서 (2024.12),사업보고서 (2024.12),20250317000896
후성,093370,00595191,2025-03-17,감사보고서제출,감사보고서제출,20250317801061
휴림로봇,090710,00540429,2026-03-13,의결권대리행사권유참고서류,의결권대리행사권유참고서류,20260313001318
휴림로봇,090710,00540429,2026-03-13,주주총회소집공고,주주총회소집공고,20260313001293
휴림로봇,090710,00540429,2026-03-13,주주총회소집결의,주주총회소집결의,20260313901961
휴림로봇,090710,00540429,2026-03-11,주식등의대량보유상황보고서(일반),주식등의대량보유상황보고서(일반),20260311004167
휴림로봇,090710,00540429,2026-03-05,최대주주변경을수반하는주식담보제공계약체결,최대주주변경을수반하는주식담보제공계약체결,20260305901928
휴림로봇,090710,00540429,2026-03-04,임원ㆍ주요주주특정증권등거래계획보고서,임원ㆍ주요주주특정증권등거래계획보고서,20260304001703
휴림로봇,090710,00540429,2026-02-13,매출액또는손익구조30%(대규모법인은15%)이상변동,매출액또는손익구조30%(대규모법인은15%)이상변동,20260213901953
휴림로봇,090710,00540429,2026-02-11,[기재정정]주권관련사채권의처분결정,[기재정정]주권관련사채권의처분결정,20260211901717
휴림로봇,090710,00540429,2026-02-06,주식등의대량보유상황보고서(일반),주식등의대량보유상황보고서(일반),20260206001990
휴림로봇,090710,00540429,2026-02-06,임원ㆍ주요주주특정증권등소유상황보고서,임원ㆍ주요주주특정증권등소유상황보고서,20260206001969
휴림로봇,090710,00540429,2026-01-28,[기재정정]주권관련사채권의처분결정              (제3회차),[기재정정]주권관련사채권의처분결정              (제3회차),20260128900870
휴림로봇,090710,00540429,2026-01-26,[기재정정]주권관련사채권의처분결정              (제3회차),[기재정정]주권관련사채권의처분결정              (제3회차),20260126901057
휴림로봇,090710,00540429,2026-01-23,주권관련사채권의처분결정,주권관련사채권의처분결정,20260123900810
휴림로봇,090710,00540429,2025-12-30,[기재정정]단일판매ㆍ공급계약체결(자율공시),[기재정정]단일판매ㆍ공급계약체결(자율공시),20251230900785
휴림로봇,090710,00540429,2025-12-29,임원ㆍ주요주주특정증권등거래계획보고서,임원ㆍ주요주주특정증권등거래계획보고서,20251229000723
휴림로봇,090710,00540429,2025-12-12,주주명부폐쇄기간또는기준일설정,주주명부폐쇄기간또는기준일설정,20251212901038
휴림로봇,090710,00540429,2025-11-14,분기보고서 (2025.09),분기보고서 (2025.09),20251114002950
휴림로봇,090710,00540429,2025-11-10,주식등의대량보유상황보고서(약식),주식등의대량보유상황보고서(약식),20251110000317
휴림로봇,090710,00540429,2025-10-30,임원ㆍ주요주주특정증권등소유상황보고서,임원ㆍ주요주주특정증권등소유상황보고서,20251030000482
휴림로봇,090710,00540429,2025-09-26,주식등의대량보유상황보고서(일반),주식등의대량보유상황보고서(일반),20250926000709
휴림로봇,090710,00540429,2025-09-26,임원ㆍ주요주주특정증권등소유상황보고서,임원ㆍ주요주주특정증권등소유상황보고서,20250926000697
휴림로봇,090710,00540429,2025-09-26,임원ㆍ주요주주특정증권등소유상황보고서,임원ㆍ주요주주특정증권등소유상황보고서,20250926000692
휴림로봇,090710,00540429,2025-08-14,반기보고서 (2025.06),반기보고서 (2025.06),20250814003526
휴림로봇,090710,00540429,2025-07-30,임원ㆍ주요주주특정증권등소유상황보고서,임원ㆍ주요주주특정증권등소유상황보고서,20250730000346
휴림로봇,090710,00540429,2025-07-23,전환청구권행사,전환청구권행사,20250723900541
휴림로봇,090710,00540429,2025-07-23,주요사항보고서(자기전환사채매도결정),주요사항보고서(자기전환사채매도결정),20250722000247
휴림로봇,090710,00540429,2025-05-15,분기보고서 (2025.03),분기보고서 (2025.03),20250515002557
휴림로봇,090710,00540429,2025-03-31,정기주주총회결과,정기주주총회결과,20250331903063
휴림로봇,090710,00540429,2025-03-25,임시주주총회결과,임시주주총회결과,20250325900973
휴림로봇,090710,00540429,2025-03-24,사업보고서 (2024.12),사업보고서 (2024.12),20250324000933
휴림로봇,090710,00540429,2025-03-24,감사보고서제출,감사보고서제출,20250324901160
휴림로봇,090710,00540429,2025-03-21,사업보고서제출기한연장신고서 (2024.12),사업보고서제출기한연장신고서 (2024.12),20250321001764
휴림로봇,090710,00540429,2025-03-21,기타경영사항(자율공시)              (감사보고서 제출 지연),기타경영사항(자율공시)              (감사보고서 제출 지연),20250321901925
휴림로봇,090710,00540429,2025-03-19,주식등의대량보유상황보고서(일반),주식등의대량보유상황보고서(일반),20250319001094
휴젤,145020,00888347,2026-02-27,대규모기업집단현황공시[분기별공시(개별회사용)],대규모기업집단현황공시[분기별공시(개별회사용)],20260227006183
휴젤,145020,00888347,2026-02-13,지급수단별ㆍ지급기간별지급금액및분쟁조정기구에관한사항,지급수단별ㆍ지급기간별지급금액및분쟁조정기구에관한사항,20260213001713
휴젤,145020,00888347,2026-02-12,기업설명회(IR)개최,기업설명회(IR)개최,20260212900062
휴젤,145020,00888347,2026-02-11,연결재무제표기준영업(잠정)실적(공정공시),연결재무제표기준영업(잠정)실적(공정공시),20260211900652
휴젤,145020,00888347,2026-02-06,풍문또는보도에대한해명(미확정),풍문또는보도에대한해명(미확정),20260206901618
휴젤,145020,00888347,2026-02-04,기업설명회(IR)개최,기업설명회(IR)개최,20260204900638
휴젤,145020,00888347,2026-02-04,결산실적공시예고,결산실적공시예고,20260204900636
휴젤,145020,00888347,2026-01-22,연결재무제표기준영업실적등에대한전망(공정공시),연결재무제표기준영업실적등에대한전망(공정공시),20260122900178
휴젤,145020,00888347,2026-01-09,기업설명회(IR)개최,기업설명회(IR)개최,20260109900464
휴젤,145020,00888347,2025-12-16,주주명부폐쇄기간또는기준일설정,주주명부폐쇄기간또는기준일설정,20251216900923
휴젤,145020,00888347,2025-12-09,임원ㆍ주요주주특정증권등소유상황보고서,임원ㆍ주요주주특정증권등소유상황보고서,20251209000318
휴젤,145020,00888347,2025-12-05,임원ㆍ주요주주특정증권등소유상황보고서,임원ㆍ주요주주특정증권등소유상황보고서,20251205000489
휴젤,145020,00888347,2025-12-02,임원ㆍ주요주주특정증권등소유상황보고서,임원ㆍ주요주주특정증권등소유상황보고서,20251202000252
휴젤,145020,00888347,2025-11-28,대규모기업집단현황공시[분기별공시(개별회사용)],대규모기업집단현황공시[분기별공시(개별회사용)],20251128002002
휴젤,145020,00888347,2025-11-14,분기보고서 (2025.09),분기보고서 (2025.09),20251114001274
휴젤,145020,00888347,2025-11-07,임원ㆍ주요주주특정증권등소유상황보고서,임원ㆍ주요주주특정증권등소유상황보고서,20251107000565
휴젤,145020,00888347,2025-11-07,임원ㆍ주요주주특정증권등소유상황보고서,임원ㆍ주요주주특정증권등소유상황보고서,20251107000564
휴젤,145020,00888347,2025-11-07,풍문또는보도에대한해명(미확정),풍문또는보도에대한해명(미확정),20251107900647
휴젤,145020,00888347,2025-11-04,주요사항보고서(자기주식처분결정),주요사항보고서(자기주식처분결정),20251104000314
휴젤,145020,00888347,2025-11-04,기업설명회(IR)개최,기업설명회(IR)개최,20251104900296
휴젤,145020,00888347,2025-11-04,연결재무제표기준영업(잠정)실적(공정공시),연결재무제표기준영업(잠정)실적(공정공시),20251104900186
휴젤,145020,00888347,2025-10-30,기업설명회(IR)개최,기업설명회(IR)개최,20251030900537
휴젤,145020,00888347,2025-10-30,결산실적공시예고,결산실적공시예고,20251030900528
휴젤,145020,00888347,2025-10-13,기타경영사항(자율공시)              (양도제한조건부주식(RSU) 도입 및 자기주식 교부 예고),기타경영사항(자율공시)              (양도제한조건부주식(RSU) 도입 및 자기주식 교부 예고),20251013900567
휴젤,145020,00888347,2025-10-13,주식매수선택권부여에관한신고,주식매수선택권부여에관한신고,20251013000314
휴젤,145020,00888347,2025-10-02,임원ㆍ주요주주특정증권등거래계획보고서,임원ㆍ주요주주특정증권등거래계획보고서,20251002000478
휴젤,145020,00888347,2025-09-15,주식매수선택권부여에관한신고,주식매수선택권부여에관한신고,20250915000218
휴젤,145020,00888347,2025-09-15,대표집행임원변경,대표집행임원변경,20250915900168
휴젤,145020,00888347,2025-09-12,기업설명회(IR)개최,기업설명회(IR)개최,20250912900567
휴젤,145020,00888347,2025-08-29,대규모기업집단현황공시[분기별공시(개별회사용)],대규모기업집단현황공시[분기별공시(개별회사용)],20250829000474
휴젤,145020,00888347,2025-08-26,기업설명회(IR)개최,기업설명회(IR)개최,20250826900214
휴젤,145020,00888347,2025-08-19,임원ㆍ주요주주특정증권등소유상황보고서,임원ㆍ주요주주특정증권등소유상황보고서,20250819000216
휴젤,145020,00888347,2025-08-19,임원ㆍ주요주주특정증권등소유상황보고서,임원ㆍ주요주주특정증권등소유상황보고서,20250819000209
휴젤,145020,00888347,2025-08-14,임원ㆍ주요주주특정증권등소유상황보고서,임원ㆍ주요주주특정증권등소유상황보고서,20250814004353
휴젤,145020,00888347,2025-08-14,반기보고서 (2025.06),반기보고서 (2025.06),20250814002269
휴젤,145020,00888347,2025-08-14,지급수단별ㆍ지급기간별지급금액및분쟁조정기구에관한사항,지급수단별ㆍ지급기간별지급금액및분쟁조정기구에관한사항,20250814001649
휴젤,145020,00888347,2025-08-07,풍문또는보도에대한해명(미확정),풍문또는보도에대한해명(미확정),20250807900380
휴젤,145020,00888347,2025-08-06,주요사항보고서(자기주식처분결정),주요사항보고서(자기주식처분결정),20250806000296
휴젤,145020,00888347,2025-08-06,[기재정정]주식매수선택권부여에관한신고,[기재정정]주식매수선택권부여에관한신고,20250806000301
휴젤,145020,00888347,2025-08-06,기업설명회(IR)개최,기업설명회(IR)개최,20250806900196
휴젤,145020,00888347,2025-08-06,연결재무제표기준영업(잠정)실적(공정공시),연결재무제표기준영업(잠정)실적(공정공시),20250806900192
휴젤,145020,00888347,2025-07-30,기업설명회(IR)개최,기업설명회(IR)개최,20250730900449
휴젤,145020,00888347,2025-07-30,결산실적공시예고,결산실적공시예고,20250730900439
휴젤,145020,00888347,2025-07-17,[기재정정]신탁계약해지결과보고서,[기재정정]신탁계약해지결과보고서,20250717000139
휴젤,145020,00888347,2025-06-20,기업설명회(IR)개최,기업설명회(IR)개최,20250620900112
휴젤,145020,00888347,2025-06-18,투자판단관련주요경영사항(임상시험계획자진취하등)              (리도카인 함유 액상 보툴리눔 톡신 제제 HG102 임상 3상 시험 조기종료 결정),투자판단관련주요경영사항(임상시험계획자진취하등)              (리도카인 함유 액상 보툴리눔 톡신 제제 HG102 임상 3상 시험 조기종료 결정),20250618900003
휴젤,145020,00888347,2025-06-04,신탁계약해지결과보고서,신탁계약해지결과보고서,20250604000165
휴젤,145020,00888347,2025-05-30,대규모기업집단현황공시[연1회공시및1/4분기용(개별회사)],대규모기업집단현황공시[연1회공시및1/4분기용(개별회사)],20250530002356
휴젤,145020,00888347,2025-05-22,주식등의대량보유상황보고서(일반),주식등의대량보유상황보고서(일반),20250522000353
휴젤,145020,00888347,2025-05-20,임원ㆍ주요주주특정증권등소유상황보고서,임원ㆍ주요주주특정증권등소유상황보고서,20250520000319
휴젤,145020,00888347,2025-05-19,임원ㆍ주요주주특정증권등소유상황보고서,임원ㆍ주요주주특정증권등소유상황보고서,20250519000317
휴젤,145020,00888347,2025-05-15,분기보고서 (2025.03),분기보고서 (2025.03),20250515002369
휴젤,145020,00888347,2025-05-14,주식매수선택권행사,주식매수선택권행사,20250514901262
휴젤,145020,00888347,2025-05-08,기업설명회(IR)개최,기업설명회(IR)개최,20250508900481
휴젤,145020,00888347,2025-05-08,주요사항보고서(자기주식처분결정),주요사항보고서(자기주식처분결정),20250508000484
휴젤,145020,00888347,2025-05-08,주식소각결정,주식소각결정,20250508900351
휴젤,145020,00888347,2025-05-08,연결재무제표기준영업(잠정)실적(공정공시),연결재무제표기준영업(잠정)실적(공정공시),20250508900317
휴젤,145020,00888347,2025-05-07,풍문또는보도에대한해명(미확정),풍문또는보도에대한해명(미확정),20250507900615
휴젤,145020,00888347,2025-05-02,기업설명회(IR)개최,기업설명회(IR)개최,20250502900281
휴젤,145020,00888347,2025-05-02,결산실적공시예고,결산실적공시예고,20250502900279
휴젤,145020,00888347,2025-03-31,사외이사의선임ㆍ해임또는중도퇴임에관한신고,사외이사의선임ㆍ해임또는중도퇴임에관한신고,20250331003846
휴젤,145020,00888347,2025-03-31,정기주주총회결과,정기주주총회결과,20250331901793
휴젤,145020,00888347,2025-03-21,사업보고서 (2024.12),사업보고서 (2024.12),20250321000621
휴젤,145020,00888347,2025-03-21,감사보고서제출,감사보고서제출,20250321900433
